shipment_id,supplier_id,warehouse_id,product_id,quantity,shipped_date,arrival_date,status
1,41,3,5260,769,2025-04-06,2025-04-11,In Transit
2,69,1,70,743,2025-02-19,2025-03-01,Received
3,45,5,5007,811,2024-07-21,2024-07-31,Received
4,73,1,1999,889,2024-05-12,2024-05-21,In Transit
5,4,2,4794,528,2024-04-23,2024-05-04,In Transit
6,68,1,4823,954,2024-07-28,2024-08-09,Received
7,5,3,2882,569,2024-10-16,2024-10-22,Received
8,11,5,4185,561,2024-03-04,2024-03-11,Received
9,21,3,2015,431,2025-08-09,2025-08-13,Received
10,59,5,5400,660,2026-01-14,2026-01-18,Received
11,87,1,1658,652,2025-10-30,2025-11-06,Received
12,79,4,1599,236,2024-10-04,2024-10-16,Received
13,91,5,987,264,2024-11-16,2024-11-19,Received
14,23,4,4176,478,2024-06-05,2024-06-08,Received
15,82,1,2162,580,2025-02-19,2025-02-22,Received
16,25,1,1583,807,2025-07-30,2025-08-06,Received
17,78,5,1490,324,2025-07-11,2025-07-19,Delayed
18,26,2,5398,603,2025-12-18,2025-12-26,Received
19,37,2,65,520,2024-12-21,2025-01-03,Received
20,18,1,3284,953,2025-09-06,2025-09-09,Received
21,15,3,3383,485,2026-01-24,2026-02-06,Received
22,19,4,5251,424,2024-06-24,2024-07-05,Received
23,8,1,5203,747,2024-03-20,2024-03-25,Received
24,40,5,4689,483,2025-03-05,2025-03-16,Received
25,25,2,415,176,2024-07-04,2024-07-09,Received
26,22,5,5302,141,2025-06-16,2025-06-28,Received
27,89,5,4984,518,2025-04-10,2025-04-12,Received
28,56,5,1618,205,2025-11-18,2025-11-20,Received
29,81,4,3346,809,2024-09-22,2024-09-25,Received
30,26,5,2324,316,2025-04-14,2025-04-18,In Transit
31,80,4,4991,863,2025-05-24,2025-06-04,Received
32,24,1,870,518,2025-08-22,2025-08-24,Received
33,78,4,3841,237,2025-09-11,2025-09-17,Received
34,7,4,2403,625,2025-08-16,2025-08-23,Received
35,1,3,5599,944,2024-06-14,2024-06-19,Received
36,87,1,3019,772,2024-07-10,2024-07-13,Received
37,80,4,826,226,2024-07-12,2024-07-24,Received
38,10,3,1034,366,2024-11-03,2024-11-13,Received
39,9,2,4969,417,2025-11-20,2025-11-30,Received
40,34,5,4998,100,2024-11-08,2024-11-16,Received
41,68,1,923,633,2025-03-27,2025-03-30,Received
42,72,3,2700,551,2025-05-09,2025-05-11,Received
43,30,4,2362,444,2024-02-25,2024-02-28,Received
44,29,5,3710,877,2025-08-03,2025-08-13,Received
45,8,3,3790,519,2024-10-06,2024-10-08,Received
46,88,2,856,140,2024-02-28,2024-03-06,Received
47,30,2,1250,468,2024-03-08,2024-03-16,Received
48,43,2,3993,797,2024-06-23,2024-07-05,Received
49,49,4,2101,961,2024-12-07,2024-12-16,Received
50,87,2,5003,416,2025-02-15,2025-02-28,Received
51,13,4,5408,363,2025-09-26,2025-09-29,Received
52,53,1,2443,540,2026-02-14,2026-02-19,Received
53,54,5,1140,860,2025-09-11,2025-09-20,Delayed
54,49,2,3927,804,2025-05-18,2025-05-23,Received
55,58,5,5814,449,2025-03-24,2025-03-26,In Transit
56,29,5,1168,95,2025-12-17,2025-12-26,Received
57,74,3,2371,144,2024-09-09,2024-09-15,Received
58,75,2,5188,188,2025-01-18,2025-01-30,Received
59,51,4,3069,674,2025-08-07,2025-08-12,In Transit
60,62,3,5740,877,2025-07-31,2025-08-12,Received
61,79,3,133,841,2024-10-01,2024-10-14,Received
62,48,1,1519,986,2024-06-29,2024-07-09,Received
63,12,3,960,151,2025-06-23,2025-07-05,Received
64,5,3,1110,554,2026-01-05,2026-01-16,Received
65,3,4,1413,913,2025-01-20,2025-01-29,Received
66,50,4,5729,94,2024-11-29,2024-12-11,Received
67,90,2,5454,407,2025-10-13,2025-10-26,In Transit
68,59,3,5244,140,2024-05-15,2024-05-20,Received
69,38,3,4224,992,2024-06-27,2024-06-30,Received
70,75,3,4287,539,2024-05-18,2024-05-25,Received
71,48,2,4014,857,2024-08-21,2024-08-29,Delayed
72,91,3,2837,140,2024-07-27,2024-08-06,Received
73,6,4,1620,455,2025-06-01,2025-06-07,In Transit
74,22,2,4274,148,2024-12-24,2025-01-01,Received
75,22,1,3363,195,2024-10-31,2024-11-12,Received
76,57,3,5049,810,2025-02-25,2025-03-05,In Transit
77,49,2,975,922,2024-05-27,2024-06-03,Received
78,56,3,1487,962,2024-04-11,2024-04-20,In Transit
79,16,5,2979,255,2024-02-19,2024-02-23,Received
80,79,4,2594,114,2024-04-04,2024-04-14,Received
81,24,1,4625,571,2024-05-05,2024-05-12,Received
82,38,3,3339,330,2025-01-18,2025-01-24,Received
83,58,1,5575,784,2024-06-10,2024-06-15,Received
84,23,4,4728,462,2024-12-30,2025-01-07,Received
85,39,2,2157,533,2024-08-16,2024-08-18,Received
86,47,2,2273,991,2025-03-07,2025-03-09,Received
87,35,3,76,210,2024-07-08,2024-07-20,Received
88,43,2,5516,231,2025-10-22,2025-10-31,Received
89,21,4,5251,248,2024-10-19,2024-10-24,In Transit
90,18,4,4389,242,2024-04-04,2024-04-07,Received
91,75,2,1094,222,2024-08-01,2024-08-10,Received
92,13,4,3847,631,2024-05-20,2024-05-25,In Transit
93,15,3,5400,146,2024-08-29,2024-09-09,Received
94,71,2,5409,912,2025-06-19,2025-06-21,Received
95,20,2,1262,144,2025-10-12,2025-10-25,Received
96,18,4,3607,51,2026-01-17,2026-01-27,Delayed
97,89,4,3532,959,2024-10-24,2024-11-03,Received
98,33,4,4012,307,2026-01-09,2026-01-19,Received
99,57,4,5299,543,2024-05-02,2024-05-13,Received
100,36,3,2197,433,2024-12-06,2024-12-11,Received
101,5,2,4341,804,2024-12-30,2025-01-10,Received
102,48,3,520,618,2025-08-03,2025-08-09,In Transit
103,81,4,5722,324,2024-07-31,2024-08-09,Received
104,2,1,767,626,2026-02-02,2026-02-14,Received
105,41,4,5785,967,2025-07-05,2025-07-11,Received
106,67,4,232,864,2025-07-15,2025-07-21,Received
107,11,3,4244,595,2025-09-06,2025-09-08,In Transit
108,1,1,3568,365,2025-07-31,2025-08-09,Received
109,55,2,4977,131,2025-06-04,2025-06-16,In Transit
110,16,4,3482,703,2025-01-16,2025-01-19,Received
111,85,4,485,166,2024-10-16,2024-10-21,In Transit
112,45,5,5802,507,2025-01-19,2025-01-24,Received
113,91,5,2002,922,2025-04-05,2025-04-08,Received
114,19,2,3512,245,2026-01-17,2026-01-28,In Transit
115,78,4,3830,900,2025-10-03,2025-10-13,Received
116,37,1,2857,610,2025-10-16,2025-10-26,Received
117,40,3,3524,695,2025-09-12,2025-09-14,Received
118,7,4,2766,614,2025-06-20,2025-06-30,Received
119,27,1,2498,765,2025-01-19,2025-01-31,Received
120,17,3,5278,893,2026-01-16,2026-01-29,Received
121,56,4,2622,580,2024-10-09,2024-10-18,Received
122,15,5,631,257,2025-05-15,2025-05-18,Received
123,27,4,5005,961,2024-09-08,2024-09-20,Received
124,62,3,3400,232,2024-02-15,2024-02-27,Received
125,55,3,4679,72,2024-06-10,2024-06-14,Received
126,59,4,3391,655,2024-08-19,2024-08-22,Received
127,58,3,216,157,2024-10-22,2024-10-24,Received
128,11,4,4806,244,2024-03-05,2024-03-16,Received
129,74,2,5708,733,2025-04-09,2025-04-13,In Transit
130,25,1,3606,557,2024-10-30,2024-11-04,Received
131,16,2,4407,513,2026-01-28,2026-02-01,Received
132,77,3,71,493,2024-05-18,2024-05-21,Received
133,9,2,2862,232,2024-02-27,2024-03-04,Received
134,70,5,2200,779,2025-12-21,2026-01-03,Received
135,2,2,5343,367,2024-05-20,2024-06-01,Received
136,11,2,1285,412,2024-09-03,2024-09-05,In Transit
137,72,5,4902,768,2025-01-28,2025-02-10,In Transit
138,62,5,2640,858,2024-03-24,2024-04-06,Received
139,26,3,1515,724,2025-12-11,2025-12-23,In Transit
140,78,5,3118,951,2025-07-24,2025-07-29,Received
141,50,2,1436,125,2024-12-18,2024-12-27,Received
142,9,3,2664,200,2025-03-08,2025-03-21,Received
143,34,5,3364,304,2025-06-06,2025-06-18,In Transit
144,24,4,2531,997,2025-01-23,2025-02-03,Received
145,91,4,4152,567,2026-02-02,2026-02-14,Received
146,28,5,3403,561,2024-10-09,2024-10-21,Received
147,84,2,121,868,2024-07-08,2024-07-11,Received
148,89,3,1718,713,2025-06-20,2025-06-28,Received
149,19,4,3955,922,2026-01-04,2026-01-16,Received
150,15,2,5318,229,2024-10-18,2024-10-29,Received
151,14,1,300,891,2024-08-16,2024-08-22,Received
152,41,2,2745,684,2025-01-14,2025-01-25,Received
153,28,3,832,101,2024-08-25,2024-09-06,Received
154,3,4,2075,736,2024-12-03,2024-12-10,Received
155,86,1,146,91,2024-03-27,2024-03-29,Received
156,12,1,4977,124,2024-12-15,2024-12-18,Received
157,51,2,2656,454,2026-02-03,2026-02-13,Received
158,29,2,5151,859,2024-10-06,2024-10-15,Received
159,22,3,3260,821,2026-01-03,2026-01-16,Received
160,30,5,5011,199,2024-07-30,2024-08-12,Received
161,53,4,5172,199,2024-10-07,2024-10-16,Received
162,6,2,4835,109,2025-09-12,2025-09-25,Received
163,91,2,126,800,2024-09-22,2024-10-02,Received
164,82,1,1192,573,2025-07-05,2025-07-09,Received
165,9,4,460,948,2024-10-15,2024-10-24,Received
166,11,4,806,755,2024-08-14,2024-08-20,Received
167,31,5,2928,825,2025-01-12,2025-01-21,In Transit
168,72,1,2933,810,2025-10-23,2025-11-03,In Transit
169,63,2,278,730,2024-05-14,2024-05-19,Received
170,77,1,3666,927,2024-09-07,2024-09-11,Received
171,83,3,3374,227,2025-11-02,2025-11-05,Received
172,32,3,5210,827,2025-03-01,2025-03-03,In Transit
173,38,3,2319,250,2025-01-03,2025-01-13,Received
174,35,1,4063,69,2024-05-18,2024-05-21,Received
175,5,5,494,857,2024-10-12,2024-10-14,In Transit
176,3,5,2708,785,2025-02-27,2025-03-02,Received
177,35,3,1649,858,2025-10-24,2025-10-26,Received
178,39,2,4296,161,2025-08-16,2025-08-19,In Transit
179,66,5,4965,894,2024-08-30,2024-09-03,In Transit
180,72,1,2263,175,2025-02-10,2025-02-18,Delayed
181,63,3,3434,437,2025-02-14,2025-02-19,Delayed
182,58,3,4829,467,2025-10-24,2025-11-05,Received
183,70,2,5268,84,2025-11-03,2025-11-16,Received
184,28,4,5308,680,2025-06-23,2025-06-28,In Transit
185,80,2,1133,85,2025-06-17,2025-06-24,In Transit
186,34,1,5300,186,2024-07-03,2024-07-10,Received
187,61,1,5801,290,2026-01-23,2026-01-31,In Transit
188,3,2,758,122,2025-10-29,2025-11-09,Received
189,63,5,5158,140,2024-11-05,2024-11-15,Received
190,62,1,2431,415,2025-03-20,2025-03-25,Received
191,79,4,1495,412,2026-02-11,2026-02-16,Received
192,76,2,4270,551,2025-11-10,2025-11-19,In Transit
193,87,1,3862,574,2024-06-24,2024-06-29,Received
194,78,5,295,991,2024-07-25,2024-08-02,Received
195,27,3,4389,711,2024-11-08,2024-11-15,In Transit
196,7,3,836,135,2025-05-08,2025-05-15,Received
197,34,2,1333,910,2025-05-18,2025-05-26,Delayed
198,80,5,3925,742,2025-09-03,2025-09-12,Received
199,31,4,4251,318,2025-07-30,2025-08-11,Received
200,3,5,871,972,2024-06-12,2024-06-19,Received
201,72,1,3273,966,2024-07-06,2024-07-11,In Transit
202,66,5,2494,264,2026-01-25,2026-02-07,Received
203,68,3,33,876,2024-04-29,2024-05-08,Received
204,61,5,5361,652,2024-05-09,2024-05-19,Received
205,16,2,4981,664,2024-06-29,2024-07-02,Received
206,57,3,3723,821,2025-10-04,2025-10-15,In Transit
207,33,1,1973,289,2024-11-27,2024-12-08,In Transit
208,1,2,626,246,2025-02-01,2025-02-11,Received
209,69,1,2823,105,2025-10-02,2025-10-05,Delayed
210,23,4,3289,356,2024-06-11,2024-06-14,Received
211,28,4,5335,254,2025-02-20,2025-03-04,Received
212,49,2,5607,191,2025-10-03,2025-10-07,In Transit
213,61,1,5478,973,2026-01-02,2026-01-14,Received
214,70,3,350,105,2025-04-17,2025-04-30,Received
215,3,1,2041,343,2025-11-23,2025-11-27,Received
216,77,4,3694,278,2024-04-21,2024-04-26,Received
217,56,3,1166,855,2025-11-22,2025-11-27,Received
218,62,4,1360,769,2025-10-31,2025-11-04,Received
219,40,1,2125,322,2025-01-14,2025-01-20,Received
220,20,1,3954,452,2024-03-01,2024-03-09,Received
221,89,3,2124,563,2024-10-11,2024-10-13,Received
222,68,5,5069,926,2024-07-23,2024-07-28,Received
223,78,5,2680,922,2024-04-19,2024-04-25,Received
224,46,3,5667,582,2024-10-17,2024-10-19,Received
225,34,3,5351,420,2024-06-15,2024-06-27,Received
226,14,2,562,932,2025-11-22,2025-11-28,Received
227,72,4,4528,751,2025-03-04,2025-03-14,In Transit
228,73,5,5439,413,2024-12-14,2024-12-27,Received
229,52,4,4875,575,2025-07-12,2025-07-19,Received
230,23,1,2485,965,2024-02-19,2024-02-25,Received
231,6,1,137,825,2025-07-20,2025-07-26,Received
232,55,2,1330,279,2026-01-22,2026-01-29,Received
233,9,3,321,310,2024-12-29,2025-01-10,Received
234,56,2,3297,78,2024-03-21,2024-04-01,In Transit
235,68,4,1636,740,2025-01-28,2025-02-02,In Transit
236,63,2,2405,602,2025-12-04,2025-12-09,Received
237,27,3,139,512,2025-08-19,2025-08-26,Received
238,27,3,416,281,2025-05-25,2025-05-31,Received
239,73,1,1262,206,2026-01-29,2026-02-05,Received
240,58,3,4704,323,2025-10-06,2025-10-13,Received
241,13,5,388,227,2024-09-20,2024-09-29,Received
242,8,1,3062,958,2024-09-02,2024-09-04,Received
243,39,4,1649,90,2025-01-31,2025-02-03,Received
244,68,2,2651,412,2024-10-28,2024-11-08,Received
245,65,1,4832,821,2024-06-05,2024-06-12,Received
246,51,4,4565,617,2024-03-23,2024-03-25,In Transit
247,34,3,2110,790,2024-02-20,2024-03-04,Received
248,84,5,298,536,2024-07-11,2024-07-19,Received
249,36,5,1753,178,2026-01-17,2026-01-27,Received
250,65,2,5159,414,2025-06-17,2025-06-28,Received
251,47,3,5001,790,2024-12-25,2025-01-05,Received
252,17,4,3025,793,2025-12-04,2025-12-12,In Transit
253,11,2,1971,967,2025-09-20,2025-09-27,Received
254,67,4,5129,856,2026-01-05,2026-01-08,Received
255,21,4,2174,439,2025-03-28,2025-04-09,Received
256,70,1,5163,178,2024-09-21,2024-09-26,In Transit
257,22,1,2051,822,2024-02-21,2024-02-29,In Transit
258,20,5,3651,736,2025-07-13,2025-07-15,Received
259,83,4,4434,540,2024-03-08,2024-03-16,Received
260,65,3,3608,923,2026-01-15,2026-01-27,Received
261,18,4,2116,786,2025-12-09,2025-12-19,Received
262,16,3,4137,126,2025-11-29,2025-12-11,Received
263,9,1,1051,473,2024-05-24,2024-05-28,Received
264,43,4,1632,761,2024-08-09,2024-08-20,Received
265,34,2,2175,613,2025-01-14,2025-01-17,Received
266,56,3,2178,896,2024-02-17,2024-02-19,In Transit
267,64,3,5345,674,2024-02-29,2024-03-11,Received
268,37,4,1732,67,2024-04-05,2024-04-07,Received
269,74,5,1776,762,2025-08-31,2025-09-12,Received
270,44,5,2649,608,2024-06-05,2024-06-15,Received
271,42,5,3190,795,2025-01-24,2025-01-30,Received
272,29,1,1735,880,2025-07-06,2025-07-08,Received
273,55,5,2660,141,2025-05-19,2025-05-25,Received
274,32,5,1217,413,2025-11-29,2025-12-05,Received
275,60,3,198,398,2025-04-28,2025-05-02,In Transit
276,88,3,998,494,2024-05-23,2024-05-30,Received
277,78,1,4755,321,2025-10-29,2025-11-11,Received
278,87,5,737,973,2025-01-10,2025-01-17,Received
279,91,4,1208,599,2025-03-07,2025-03-16,Received
280,52,5,3706,80,2024-02-25,2024-02-29,Received
281,78,3,445,208,2025-06-23,2025-06-29,Received
282,38,2,4046,858,2024-12-08,2024-12-15,Received
283,43,5,5710,209,2025-05-31,2025-06-03,Received
284,2,2,3089,92,2025-07-21,2025-07-27,Received
285,64,2,2571,534,2025-10-05,2025-10-11,Delayed
286,27,2,4329,509,2025-04-18,2025-04-22,In Transit
287,41,3,5083,475,2025-11-19,2025-11-23,In Transit
288,70,5,4411,833,2024-08-08,2024-08-13,Received
289,27,5,772,591,2024-10-22,2024-11-02,Received
290,33,1,2987,984,2024-08-29,2024-09-05,Received
291,2,4,4137,846,2024-09-19,2024-09-30,Received
292,90,5,3921,610,2024-10-18,2024-10-20,Received
293,13,3,2481,884,2024-09-12,2024-09-19,Received
294,29,3,3322,645,2025-12-13,2025-12-26,In Transit
295,36,5,324,972,2026-01-21,2026-02-02,Received
296,58,2,4999,644,2025-07-31,2025-08-03,Received
297,52,3,320,842,2025-12-21,2026-01-03,In Transit
298,73,4,3636,278,2024-08-12,2024-08-24,Received
299,49,3,5396,696,2024-08-03,2024-08-10,In Transit
300,84,1,3843,403,2025-04-30,2025-05-11,Received
301,49,5,3608,689,2024-08-08,2024-08-11,Received
302,39,4,2016,482,2024-06-16,2024-06-27,Received
303,82,2,5257,919,2024-10-03,2024-10-06,Received
304,85,3,1792,312,2025-03-21,2025-04-01,Received
305,41,2,970,703,2025-07-15,2025-07-18,In Transit
306,63,4,1216,679,2024-08-30,2024-09-12,In Transit
307,53,2,350,285,2025-10-20,2025-10-31,In Transit
308,45,2,2311,524,2025-02-15,2025-02-19,Received
309,8,2,1173,617,2025-10-02,2025-10-13,Received
310,5,4,4457,612,2024-10-14,2024-10-26,In Transit
311,81,5,5375,616,2025-07-01,2025-07-04,Received
312,86,3,2964,955,2024-10-08,2024-10-10,In Transit
313,84,1,1966,942,2025-10-03,2025-10-15,Received
314,52,1,5392,118,2025-09-01,2025-09-05,Received
315,62,3,3359,425,2024-09-23,2024-09-27,Received
316,90,5,5552,304,2025-05-18,2025-05-26,Received
317,20,3,3975,362,2024-12-16,2024-12-25,Received
318,9,2,3168,333,2025-04-19,2025-04-21,Received
319,52,4,2029,933,2025-10-11,2025-10-17,Received
320,63,5,4984,733,2026-01-13,2026-01-15,Received
321,27,1,1426,986,2025-12-04,2025-12-12,Received
322,13,4,761,594,2025-10-08,2025-10-10,Received
323,56,3,309,164,2024-07-29,2024-08-02,Received
324,76,3,1951,138,2024-03-09,2024-03-19,Received
325,10,4,2816,789,2025-01-05,2025-01-17,Received
326,78,3,5527,675,2024-09-10,2024-09-17,Received
327,26,3,4269,877,2024-05-30,2024-06-01,Received
328,14,5,1646,938,2025-06-19,2025-06-25,In Transit
329,36,1,994,568,2024-09-27,2024-09-29,Delayed
330,62,1,4553,361,2024-12-17,2024-12-25,Received
331,49,3,3359,155,2025-11-29,2025-12-12,Received
332,15,3,4475,678,2024-08-13,2024-08-23,Received
333,66,4,4237,267,2024-05-08,2024-05-14,In Transit
334,75,5,349,664,2024-05-31,2024-06-03,Received
335,58,3,3917,447,2024-05-10,2024-05-18,Received
336,38,2,137,382,2024-03-13,2024-03-16,In Transit
337,66,1,5163,792,2024-07-14,2024-07-19,Delayed
338,28,1,4574,937,2025-01-25,2025-01-28,Received
339,35,2,169,528,2025-04-17,2025-04-22,Received
340,50,4,5693,278,2026-01-31,2026-02-11,Delayed
341,16,3,2809,957,2025-08-27,2025-08-30,Received
342,88,3,4165,250,2025-10-07,2025-10-20,Received
343,4,3,676,780,2025-07-17,2025-07-22,Received
344,83,5,2859,866,2024-03-31,2024-04-06,Received
345,82,4,1685,865,2025-02-23,2025-03-08,In Transit
346,64,4,527,109,2025-06-11,2025-06-13,In Transit
347,4,3,2677,842,2025-11-12,2025-11-23,Delayed
348,82,1,5045,642,2025-02-06,2025-02-08,Received
349,91,5,845,219,2025-10-13,2025-10-20,Received
350,22,2,3406,75,2025-06-17,2025-06-28,Received
351,81,3,970,754,2024-02-29,2024-03-02,Received
352,55,5,1840,645,2024-05-30,2024-06-09,In Transit
353,18,3,1582,836,2024-09-30,2024-10-12,Delayed
354,50,3,5239,895,2024-02-19,2024-02-22,Received
355,84,4,4407,579,2024-03-06,2024-03-17,Received
356,49,5,3564,129,2025-11-24,2025-11-26,Received
357,3,1,1659,259,2024-05-15,2024-05-23,Received
358,76,4,3436,431,2025-02-27,2025-03-10,Received
359,34,3,25,539,2025-04-17,2025-04-29,Received
360,67,1,5291,587,2025-07-30,2025-08-11,Received
361,24,4,17,541,2025-03-26,2025-03-29,Received
362,63,1,1842,571,2025-05-28,2025-05-30,Received
363,26,4,3781,331,2024-11-16,2024-11-29,In Transit
364,37,5,5727,364,2025-09-25,2025-10-08,Received
365,81,2,3305,668,2024-12-05,2024-12-14,Received
366,5,4,4824,564,2024-08-22,2024-08-26,Received
367,42,3,5664,891,2024-11-21,2024-11-27,Received
368,48,4,1430,897,2025-10-12,2025-10-20,Received
369,84,1,3609,130,2024-07-12,2024-07-19,Received
370,43,5,4167,65,2025-06-10,2025-06-16,Received
371,41,4,1480,667,2025-02-26,2025-03-10,In Transit
372,9,4,3341,242,2024-12-06,2024-12-15,Received
373,40,3,34,153,2024-12-18,2024-12-24,Received
374,17,5,1706,649,2026-01-26,2026-02-05,Received
375,76,1,1804,609,2024-03-12,2024-03-16,Received
376,15,5,4801,218,2025-02-16,2025-02-25,Received
377,35,5,598,397,2025-05-04,2025-05-16,Received
378,25,3,2143,331,2024-09-07,2024-09-17,In Transit
379,82,4,532,756,2025-03-24,2025-04-06,In Transit
380,4,5,2737,924,2024-04-15,2024-04-19,Received
381,31,4,954,930,2025-01-28,2025-01-30,Received
382,25,2,2421,699,2024-07-06,2024-07-11,Received
383,74,2,3804,348,2025-05-18,2025-05-25,Received
384,11,2,369,154,2024-04-15,2024-04-22,Received
385,30,2,47,231,2025-12-24,2025-12-30,Received
386,64,3,5186,859,2025-10-11,2025-10-24,Received
387,3,4,2262,848,2024-05-23,2024-06-05,Received
388,58,1,664,380,2025-08-04,2025-08-10,Received
389,23,4,5047,979,2024-02-15,2024-02-20,Received
390,21,2,3337,536,2025-04-22,2025-04-29,Received
391,51,5,3921,353,2025-02-28,2025-03-03,Received
392,7,2,2082,70,2024-07-26,2024-07-30,Received
393,88,1,2278,443,2024-11-14,2024-11-22,Received
394,50,5,3223,643,2025-07-01,2025-07-13,Received
395,14,3,4991,475,2025-06-03,2025-06-12,Received
396,73,1,1579,144,2024-07-21,2024-08-02,Received
397,28,1,3668,134,2025-03-11,2025-03-17,Received
398,70,5,312,934,2024-11-08,2024-11-17,Received
399,23,4,2030,679,2025-10-04,2025-10-10,Received
400,4,4,2639,891,2024-11-08,2024-11-10,Received
401,22,3,2595,504,2025-01-21,2025-01-29,In Transit
402,2,2,2256,349,2024-07-07,2024-07-11,Delayed
403,15,3,4137,80,2025-04-30,2025-05-11,In Transit
404,33,5,3694,216,2025-05-01,2025-05-08,Delayed
405,52,2,2107,187,2024-12-24,2025-01-02,Received
406,86,5,4264,475,2025-05-21,2025-05-29,Received
407,31,3,1330,955,2024-11-17,2024-11-25,Received
408,54,1,988,490,2025-09-22,2025-10-03,Received
409,59,3,884,835,2025-06-24,2025-07-02,Received
410,26,2,3032,933,2024-08-17,2024-08-26,Received
411,35,5,44,125,2024-08-16,2024-08-20,Received
412,15,5,2746,161,2024-10-24,2024-11-03,Received
413,6,4,4384,570,2024-02-26,2024-03-09,Received
414,16,4,2809,260,2025-06-11,2025-06-17,Received
415,4,3,4550,909,2025-11-05,2025-11-12,Received
416,55,3,488,708,2024-06-05,2024-06-15,Received
417,6,2,2334,332,2024-10-11,2024-10-19,Received
418,33,5,843,602,2025-07-06,2025-07-13,Received
419,27,5,374,574,2025-08-04,2025-08-16,Received
420,22,4,5015,229,2025-09-08,2025-09-13,Received
421,52,2,1446,493,2025-08-23,2025-09-04,Received
422,52,2,4458,283,2024-09-25,2024-10-05,Received
423,76,1,3586,666,2025-02-04,2025-02-16,Received
424,12,3,2915,832,2025-10-28,2025-11-09,In Transit
425,20,5,5487,843,2024-05-05,2024-05-13,Received
426,17,3,1674,790,2025-04-14,2025-04-23,Received
427,53,5,2947,485,2025-01-17,2025-01-24,Received
428,12,1,4492,143,2025-04-15,2025-04-20,Received
429,28,4,2934,452,2025-04-08,2025-04-11,In Transit
430,77,4,4780,376,2025-07-04,2025-07-10,Delayed
431,26,1,417,648,2024-05-18,2024-05-29,Delayed
432,69,3,2103,185,2024-05-08,2024-05-13,Received
433,64,2,2872,492,2026-01-12,2026-01-24,In Transit
434,66,5,5112,804,2025-12-10,2025-12-23,In Transit
435,84,2,1537,378,2024-03-26,2024-03-29,In Transit
436,2,4,5030,414,2025-12-22,2026-01-04,Received
437,6,5,1618,704,2024-12-14,2024-12-27,Received
438,6,2,1886,96,2024-10-27,2024-10-29,Received
439,1,2,3685,747,2024-10-22,2024-10-28,Delayed
440,9,2,1726,686,2024-02-20,2024-02-24,Received
441,74,1,1923,54,2024-07-26,2024-07-29,In Transit
442,37,4,4553,511,2024-08-08,2024-08-10,Received
443,77,2,3381,292,2026-01-13,2026-01-22,Received
444,64,4,1248,659,2025-08-06,2025-08-09,Received
445,67,5,736,613,2025-06-12,2025-06-19,Received
446,69,3,3059,738,2025-12-15,2025-12-19,Received
447,2,2,320,284,2025-05-22,2025-05-24,Received
448,66,2,4913,550,2025-02-26,2025-03-04,Received
449,26,5,5673,480,2026-01-09,2026-01-17,In Transit
450,45,4,4806,235,2024-11-16,2024-11-18,Received
451,77,1,984,437,2025-08-18,2025-08-20,Received
452,47,3,2920,535,2024-12-01,2024-12-05,Received
453,62,5,3695,379,2025-09-09,2025-09-11,In Transit
454,70,1,2503,538,2024-04-13,2024-04-16,Received
455,42,1,1422,258,2025-09-24,2025-10-05,In Transit
456,57,2,3742,321,2025-10-11,2025-10-20,Received
457,5,1,3045,359,2025-12-17,2025-12-25,Received
458,45,5,2776,844,2024-04-27,2024-05-05,Received
459,49,3,3668,324,2025-12-19,2026-01-01,Received
460,20,5,1873,141,2025-07-12,2025-07-21,In Transit
461,46,1,5591,805,2024-04-17,2024-04-25,In Transit
462,12,1,4156,775,2025-07-03,2025-07-05,In Transit
463,44,5,2073,838,2025-10-20,2025-11-01,Delayed
464,67,1,3697,348,2025-03-21,2025-03-25,In Transit
465,21,5,1462,560,2024-04-22,2024-04-26,Received
466,29,4,4055,165,2024-12-31,2025-01-08,Received
467,58,1,2251,946,2025-06-06,2025-06-18,Received
468,22,3,199,192,2024-12-31,2025-01-04,Received
469,3,4,3945,483,2025-08-01,2025-08-12,Delayed
470,26,5,4371,562,2024-12-13,2024-12-16,Received
471,57,5,3592,576,2025-01-10,2025-01-15,Received
472,63,5,5221,481,2025-05-10,2025-05-15,In Transit
473,71,1,874,760,2024-12-24,2025-01-02,Received
474,25,4,532,98,2024-03-25,2024-03-30,Received
475,80,5,194,275,2024-05-19,2024-05-27,Delayed
476,56,1,517,430,2024-10-13,2024-10-25,Received
477,42,5,5223,243,2024-07-23,2024-08-05,Received
478,64,2,2856,214,2024-04-27,2024-05-08,In Transit
479,85,1,2908,722,2025-10-05,2025-10-14,Received
480,70,1,583,162,2025-04-12,2025-04-18,In Transit
481,23,1,2690,542,2024-09-05,2024-09-09,Received
482,4,2,4035,456,2024-04-01,2024-04-06,Received
483,70,3,3091,960,2025-01-21,2025-01-24,In Transit
484,69,4,4728,560,2025-04-15,2025-04-26,Received
485,6,1,1462,694,2024-08-01,2024-08-06,Received
486,33,1,4285,324,2024-06-01,2024-06-13,In Transit
487,53,4,5040,540,2025-05-14,2025-05-20,In Transit
488,69,3,2984,259,2025-06-07,2025-06-13,Received
489,3,1,2925,496,2024-11-14,2024-11-19,Received
490,30,5,1913,869,2025-08-13,2025-08-25,Received
491,72,5,1510,646,2024-03-23,2024-04-03,Delayed
492,52,5,3807,172,2025-02-25,2025-02-28,In Transit
493,60,1,1659,699,2024-10-17,2024-10-20,Received
494,70,3,1519,404,2025-03-21,2025-03-27,Received
495,75,2,5344,523,2025-11-11,2025-11-24,Received
496,17,2,2857,870,2025-01-24,2025-02-04,Received
497,3,1,1442,992,2025-04-13,2025-04-20,Received
498,11,1,2993,220,2024-06-12,2024-06-24,Received
499,89,4,4578,85,2025-08-27,2025-09-05,Received
500,45,3,839,734,2025-09-19,2025-09-27,Received
501,54,3,3750,66,2025-04-21,2025-05-02,Received
502,70,2,733,556,2025-08-12,2025-08-17,Received
503,47,1,4123,978,2026-02-05,2026-02-16,Received
504,42,5,4433,260,2025-09-20,2025-10-03,Received
505,54,4,5441,605,2024-05-01,2024-05-09,Received
506,41,5,1589,969,2024-10-12,2024-10-20,Received
507,43,4,4106,239,2024-07-22,2024-07-31,Received
508,25,1,2216,134,2025-04-08,2025-04-19,Received
509,79,5,1799,625,2025-06-16,2025-06-21,Received
510,15,3,2894,414,2024-12-19,2024-12-21,Received
511,44,1,364,832,2025-01-06,2025-01-16,Received
512,42,3,2053,502,2024-06-26,2024-07-07,Received
513,30,5,2311,372,2024-04-19,2024-04-21,Received
514,16,5,2915,653,2024-09-19,2024-09-29,Received
515,28,1,1457,666,2025-07-30,2025-08-05,In Transit
516,51,1,1632,812,2024-03-25,2024-03-28,In Transit
517,79,1,2638,178,2024-05-16,2024-05-25,Received
518,44,2,5576,668,2024-02-25,2024-03-05,Received
519,39,3,5043,848,2024-06-08,2024-06-10,Received
520,61,4,5211,653,2025-10-13,2025-10-16,Received
521,12,1,114,637,2025-09-16,2025-09-22,Received
522,24,1,4095,942,2024-07-24,2024-07-30,Received
523,36,2,1010,59,2024-05-19,2024-05-28,Received
524,42,5,1498,894,2024-09-20,2024-09-27,In Transit
525,54,1,1614,511,2025-12-30,2026-01-07,Received
526,24,3,4364,633,2024-06-06,2024-06-12,Received
527,42,1,1827,750,2024-12-25,2025-01-07,Received
528,41,3,590,509,2026-01-24,2026-02-06,Received
529,21,4,1252,389,2024-11-15,2024-11-25,Received
530,77,4,3619,660,2024-02-23,2024-03-04,In Transit
531,39,2,2130,219,2024-03-22,2024-03-25,Received
532,26,2,2673,986,2025-03-30,2025-04-10,Received
533,82,1,4364,634,2025-03-10,2025-03-21,Received
534,69,4,1336,126,2025-08-11,2025-08-22,In Transit
535,36,2,4524,105,2024-04-28,2024-05-06,Received
536,53,3,5714,642,2024-03-25,2024-04-02,Received
537,32,3,4896,235,2025-10-20,2025-10-22,Received
538,62,2,303,689,2024-03-01,2024-03-11,Received
539,81,4,3829,716,2024-09-28,2024-10-04,Received
540,89,5,1263,51,2024-02-26,2024-03-10,Received
541,42,4,15,809,2025-12-19,2025-12-26,Received
542,38,2,5812,98,2024-11-07,2024-11-14,Received
543,70,1,3163,979,2024-04-16,2024-04-23,Received
544,22,5,811,413,2025-10-20,2025-10-25,Received
545,50,1,2448,968,2024-08-10,2024-08-12,Received
546,71,2,4489,906,2025-05-04,2025-05-07,Received
547,41,1,1683,950,2025-08-10,2025-08-12,Received
548,53,3,373,287,2025-02-16,2025-02-21,Received
549,20,1,2898,857,2024-04-08,2024-04-16,Received
550,39,5,2181,99,2025-08-05,2025-08-16,Received
551,37,1,5122,706,2025-03-14,2025-03-17,Received
552,26,4,2138,553,2024-07-24,2024-07-30,In Transit
553,6,3,1946,404,2025-01-14,2025-01-22,Received
554,41,1,574,562,2025-08-12,2025-08-14,Received
555,41,3,989,128,2025-05-11,2025-05-18,Received
556,35,4,3634,426,2024-09-16,2024-09-22,Received
557,49,3,2109,801,2024-12-15,2024-12-28,Received
558,56,2,1747,794,2025-05-19,2025-05-23,Received
559,40,5,5444,95,2024-03-21,2024-04-01,Received
560,3,2,1282,602,2024-03-05,2024-03-10,Received
561,63,2,3392,580,2026-02-08,2026-02-13,Received
562,76,3,879,491,2024-11-29,2024-12-12,In Transit
563,41,2,17,612,2026-02-04,2026-02-11,Received
564,43,1,3450,463,2025-12-12,2025-12-22,Received
565,24,1,2849,718,2026-01-19,2026-01-27,Received
566,81,4,208,350,2025-08-23,2025-08-27,Received
567,48,3,5458,160,2025-01-17,2025-01-21,Received
568,49,4,3075,853,2025-10-03,2025-10-13,Received
569,26,2,202,687,2024-11-28,2024-12-09,Received
570,84,1,2526,61,2025-10-31,2025-11-09,Received
571,66,2,3310,874,2025-09-25,2025-10-04,Received
572,81,4,1734,99,2024-08-19,2024-08-25,Received
573,57,3,789,402,2025-09-21,2025-09-27,Delayed
574,61,3,5242,809,2024-07-14,2024-07-17,Received
575,4,2,5558,739,2024-11-06,2024-11-19,In Transit
576,33,5,925,781,2024-02-28,2024-03-08,Received
577,89,2,1922,739,2024-07-10,2024-07-16,Received
578,41,2,932,238,2025-06-13,2025-06-26,In Transit
579,64,2,3899,179,2024-07-28,2024-08-02,Received
580,67,2,5444,799,2024-02-23,2024-03-03,Received
581,29,4,1320,302,2024-09-21,2024-09-27,Received
582,43,5,5544,286,2024-10-09,2024-10-15,Received
583,88,2,2946,856,2024-04-19,2024-04-30,In Transit
584,6,5,664,955,2025-07-31,2025-08-13,Received
585,27,2,2839,228,2024-08-22,2024-09-01,In Transit
586,45,1,5109,210,2025-06-29,2025-07-01,Received
587,91,3,137,462,2024-06-01,2024-06-08,Received
588,46,3,4288,792,2025-04-27,2025-05-07,Received
589,82,5,1145,402,2025-05-28,2025-06-04,In Transit
590,73,5,580,748,2025-03-22,2025-03-25,Delayed
591,6,2,209,755,2025-05-14,2025-05-17,Received
592,56,5,5535,855,2024-04-30,2024-05-07,Received
593,63,1,4201,769,2024-07-06,2024-07-11,Received
594,11,3,514,703,2025-03-14,2025-03-17,Received
595,29,4,2614,762,2025-06-05,2025-06-08,Received
596,59,5,3361,52,2025-01-16,2025-01-28,Received
597,30,2,4452,159,2025-07-20,2025-08-02,In Transit
598,29,5,960,705,2024-11-27,2024-12-02,Received
599,77,5,843,268,2025-03-19,2025-03-26,Received
600,74,3,3441,827,2024-05-04,2024-05-06,In Transit
601,23,4,3579,635,2025-02-03,2025-02-10,In Transit
602,67,1,3616,572,2024-11-19,2024-11-29,Received
603,86,1,1926,667,2024-05-23,2024-05-26,Received
604,1,3,3407,168,2024-08-10,2024-08-14,Delayed
605,80,4,2067,782,2024-06-30,2024-07-07,Received
606,57,2,5410,603,2024-05-23,2024-05-28,Received
607,63,4,1191,218,2025-11-02,2025-11-05,Received
608,48,1,2998,810,2025-06-13,2025-06-24,Delayed
609,83,4,2218,648,2025-05-29,2025-06-01,Received
610,15,5,964,309,2025-04-18,2025-04-28,Received
611,38,4,115,749,2025-10-15,2025-10-28,Delayed
612,65,2,5810,351,2026-02-04,2026-02-06,Received
613,12,5,5340,214,2025-05-06,2025-05-16,Received
614,62,3,3594,858,2024-12-20,2024-12-30,In Transit
615,54,3,628,473,2024-08-20,2024-08-25,Received
616,77,2,1802,200,2025-02-24,2025-03-04,In Transit
617,59,1,2813,521,2025-11-23,2025-12-02,In Transit
618,51,3,1115,956,2025-05-03,2025-05-14,Received
619,5,4,5594,734,2025-11-06,2025-11-10,Received
620,43,1,1794,372,2024-07-01,2024-07-14,Received
621,79,4,1309,348,2024-03-01,2024-03-12,Received
622,60,3,2870,701,2024-10-06,2024-10-14,Received
623,79,4,4671,902,2024-07-30,2024-08-05,Received
624,72,3,1736,173,2026-01-14,2026-01-18,In Transit
625,7,3,951,605,2024-11-10,2024-11-16,Received
626,52,5,205,171,2025-08-12,2025-08-23,Delayed
627,55,2,716,622,2025-08-02,2025-08-05,Received
628,51,2,5289,385,2025-11-02,2025-11-07,Received
629,73,4,3478,125,2024-04-29,2024-05-05,Received
630,48,5,5366,66,2026-01-27,2026-02-02,Received
631,19,3,4746,532,2026-02-03,2026-02-13,Received
632,32,4,85,252,2025-11-18,2025-12-01,Received
633,47,1,1729,655,2024-06-04,2024-06-16,In Transit
634,88,5,1642,380,2024-02-18,2024-02-28,Received
635,47,1,3947,261,2025-10-22,2025-10-28,Received
636,66,2,4927,720,2024-10-23,2024-10-25,Received
637,56,3,3626,714,2025-11-24,2025-12-03,Received
638,26,4,5737,415,2025-07-05,2025-07-11,Received
639,75,1,2764,976,2024-06-06,2024-06-18,Received
640,63,4,1416,865,2026-01-15,2026-01-23,Received
641,1,5,1611,686,2024-10-01,2024-10-08,Received
642,37,2,394,967,2025-07-29,2025-08-09,Received
643,12,2,2872,211,2025-06-22,2025-07-01,Received
644,48,3,2934,773,2025-12-11,2025-12-13,Received
645,34,5,2171,955,2024-08-06,2024-08-19,Received
646,16,4,2604,971,2024-03-17,2024-03-19,Received
647,4,3,3538,65,2025-03-16,2025-03-26,In Transit
648,45,1,3714,882,2025-11-20,2025-11-25,Delayed
649,4,4,2766,426,2024-10-29,2024-11-11,Received
650,40,1,5076,169,2025-02-17,2025-02-27,Received
651,86,4,4151,458,2025-05-25,2025-06-02,Received
652,56,2,2886,943,2024-10-12,2024-10-15,Received
653,83,4,3499,253,2025-10-12,2025-10-22,Received
654,53,3,630,663,2025-10-31,2025-11-10,In Transit
655,47,1,5528,893,2025-09-09,2025-09-11,Received
656,32,5,2698,273,2026-01-30,2026-02-05,Received
657,51,1,5580,118,2025-05-21,2025-05-26,In Transit
658,33,4,2987,369,2025-05-19,2025-05-24,Received
659,37,2,2765,482,2024-10-01,2024-10-04,Received
660,42,5,4303,97,2025-05-24,2025-06-05,Received
661,19,4,3638,664,2025-09-16,2025-09-29,In Transit
662,66,5,2103,939,2026-01-14,2026-01-24,Received
663,47,2,1837,826,2025-09-30,2025-10-04,Received
664,87,1,1059,96,2025-08-06,2025-08-09,Received
665,47,4,1619,996,2025-07-17,2025-07-29,In Transit
666,78,1,4205,73,2024-06-25,2024-07-01,Delayed
667,36,3,4061,939,2025-03-27,2025-04-09,Delayed
668,2,4,5592,692,2025-07-26,2025-07-28,Received
669,37,2,3984,765,2025-08-17,2025-08-23,Received
670,13,5,1815,69,2025-06-23,2025-07-04,Received
671,27,4,863,466,2025-05-24,2025-06-05,Received
672,55,3,1411,322,2024-05-09,2024-05-20,Received
673,28,3,938,333,2024-09-25,2024-10-06,Received
674,55,2,3232,787,2024-11-18,2024-11-29,Received
675,7,1,3586,790,2024-11-30,2024-12-06,Received
676,3,5,1014,640,2025-08-23,2025-09-05,Received
677,43,3,1589,495,2024-11-03,2024-11-12,In Transit
678,72,2,3323,880,2025-12-23,2025-12-27,Received
679,74,2,575,755,2025-11-15,2025-11-22,Received
680,23,1,438,194,2025-12-13,2025-12-16,Received
681,9,3,2808,533,2025-01-27,2025-02-08,Received
682,56,2,2873,891,2024-10-08,2024-10-13,Delayed
683,65,1,2199,720,2025-01-16,2025-01-27,Received
684,81,2,5790,609,2024-11-27,2024-12-10,Received
685,60,2,3277,995,2024-07-28,2024-07-30,Received
686,69,5,5337,80,2025-05-05,2025-05-16,Received
687,29,2,2430,747,2024-12-17,2024-12-24,Received
688,61,2,5336,350,2024-09-18,2024-09-29,Received
689,28,4,2249,723,2025-02-21,2025-02-23,Received
690,38,3,5791,906,2024-03-30,2024-04-03,Received
691,16,4,3767,914,2025-12-04,2025-12-08,In Transit
692,5,2,1016,547,2024-07-29,2024-08-04,Received
693,73,1,3449,372,2026-01-17,2026-01-21,Received
694,2,3,927,142,2025-03-31,2025-04-08,Received
695,58,1,665,455,2026-02-12,2026-02-20,Received
696,45,3,958,212,2025-03-05,2025-03-09,Received
697,22,1,1409,359,2024-09-13,2024-09-22,Received
698,80,2,5297,998,2025-07-31,2025-08-13,Received
699,28,4,1769,247,2025-10-21,2025-10-26,Received
700,39,2,654,764,2025-09-02,2025-09-07,Received
701,23,1,4108,666,2025-03-14,2025-03-23,Received
702,60,1,932,760,2025-12-08,2025-12-19,Received
703,48,3,851,757,2025-11-11,2025-11-18,Received
704,16,3,1656,291,2026-02-13,2026-02-26,Received
705,78,4,35,347,2025-01-28,2025-01-30,Received
706,25,4,2960,240,2026-01-27,2026-01-31,Received
707,74,1,5397,684,2024-05-04,2024-05-08,Received
708,58,1,4077,211,2024-09-28,2024-10-01,In Transit
709,51,1,1097,869,2024-08-07,2024-08-20,Received
710,1,2,2197,255,2024-08-02,2024-08-11,In Transit
711,36,5,3467,150,2024-05-16,2024-05-25,Received
712,89,5,4371,673,2024-04-10,2024-04-12,In Transit
713,26,2,4813,883,2025-08-25,2025-08-27,In Transit
714,52,5,3759,350,2025-06-04,2025-06-15,Received
715,79,3,752,898,2025-01-04,2025-01-15,Delayed
716,65,3,4514,905,2024-05-02,2024-05-13,Received
717,11,1,4235,741,2025-12-21,2025-12-23,Received
718,84,2,593,838,2025-09-11,2025-09-24,Received
719,57,5,489,856,2024-04-06,2024-04-14,Received
720,27,5,369,350,2025-11-11,2025-11-15,Received
721,78,1,395,457,2024-07-26,2024-08-02,Received
722,57,3,5566,861,2025-04-14,2025-04-21,Received
723,21,3,78,342,2026-01-20,2026-02-02,Received
724,59,1,651,973,2025-11-06,2025-11-15,Delayed
725,10,5,1446,530,2024-07-07,2024-07-18,Received
726,8,3,3052,547,2025-04-21,2025-05-03,Received
727,87,4,5622,138,2025-03-14,2025-03-26,Received
728,47,4,323,724,2025-07-03,2025-07-16,Received
729,68,2,1836,399,2025-12-24,2026-01-05,Received
730,70,3,5532,258,2025-10-09,2025-10-12,Received
731,78,1,744,589,2024-12-16,2024-12-20,Received
732,30,2,4435,189,2025-12-17,2025-12-28,Received
733,33,2,4395,245,2025-06-11,2025-06-13,Received
734,23,3,2385,555,2024-04-14,2024-04-20,Received
735,73,5,2914,139,2024-04-17,2024-04-28,Received
736,26,2,2896,913,2024-08-18,2024-08-31,Received
737,32,1,1799,954,2025-04-14,2025-04-22,Received
738,53,5,4681,997,2025-07-07,2025-07-15,Received
739,73,1,4050,578,2025-09-16,2025-09-21,Received
740,59,4,3456,71,2024-11-13,2024-11-16,Received
741,83,5,4472,372,2024-12-31,2025-01-07,Received
742,88,5,2558,101,2024-10-24,2024-11-06,Received
743,13,2,1986,698,2024-10-29,2024-11-01,Received
744,36,3,4640,120,2025-02-02,2025-02-07,Received
745,64,3,919,330,2024-07-05,2024-07-10,Received
746,49,2,786,307,2025-05-17,2025-05-30,Received
747,10,3,1399,949,2025-11-01,2025-11-08,Received
748,19,4,3672,542,2024-09-30,2024-10-04,Received
749,87,2,1182,430,2026-01-30,2026-02-05,Received
750,45,2,3570,418,2024-05-28,2024-05-30,In Transit
751,84,4,2313,644,2024-05-16,2024-05-28,Received
752,62,5,5299,79,2024-04-28,2024-05-10,In Transit
753,50,5,5454,758,2025-02-03,2025-02-09,In Transit
754,73,1,113,95,2024-07-16,2024-07-26,Received
755,19,2,5316,814,2024-06-07,2024-06-14,Received
756,62,2,5001,413,2024-12-19,2024-12-21,Received
757,11,1,2078,314,2025-02-19,2025-02-21,Received
758,29,1,1458,617,2025-03-29,2025-04-05,Received
759,34,3,5584,811,2024-12-20,2024-12-22,Received
760,15,4,1764,796,2024-08-07,2024-08-14,Received
761,41,4,540,499,2025-11-07,2025-11-09,Received
762,37,5,913,143,2025-11-05,2025-11-14,In Transit
763,85,4,138,330,2025-05-06,2025-05-08,Delayed
764,81,4,4260,766,2025-06-25,2025-07-07,Received
765,62,3,4953,161,2025-11-19,2025-11-26,Received
766,15,4,5243,269,2025-01-09,2025-01-21,Received
767,83,4,1409,937,2024-06-26,2024-07-02,Received
768,11,4,4925,483,2024-10-22,2024-11-02,Received
769,39,5,2016,445,2024-11-20,2024-12-02,Received
770,59,4,2468,410,2025-08-24,2025-08-27,In Transit
771,60,2,2116,66,2025-04-13,2025-04-24,Received
772,88,4,713,187,2024-07-13,2024-07-25,Received
773,67,1,2675,792,2024-09-17,2024-09-30,Received
774,27,1,4774,522,2024-03-11,2024-03-20,Received
775,12,5,4058,990,2024-06-15,2024-06-17,Received
776,25,4,397,175,2024-04-28,2024-05-09,In Transit
777,25,2,1762,640,2025-10-09,2025-10-21,Received
778,89,4,1700,120,2026-01-06,2026-01-12,Received
779,14,2,197,80,2026-02-01,2026-02-06,In Transit
780,1,4,1093,307,2024-11-21,2024-11-30,Received
781,15,4,2735,958,2024-12-16,2024-12-21,Delayed
782,37,5,3633,376,2024-10-25,2024-11-02,Received
783,25,3,3271,587,2024-09-27,2024-10-05,Received
784,20,5,5079,982,2024-09-11,2024-09-23,Delayed
785,71,4,3270,884,2025-10-14,2025-10-20,Received
786,80,2,630,570,2025-08-05,2025-08-13,Received
787,90,3,2763,471,2024-08-25,2024-09-05,Received
788,17,5,3624,53,2024-12-26,2024-12-31,Received
789,47,2,5768,966,2026-02-06,2026-02-14,Delayed
790,38,5,3897,506,2024-08-12,2024-08-23,In Transit
791,20,1,1525,558,2024-03-21,2024-03-26,In Transit
792,37,3,1596,131,2024-11-20,2024-11-27,In Transit
793,23,2,3276,983,2024-06-19,2024-06-28,Received
794,40,2,5435,64,2024-08-31,2024-09-11,Received
795,24,1,1914,530,2024-05-02,2024-05-05,In Transit
796,22,4,2977,934,2025-10-11,2025-10-16,Received
797,65,1,3322,597,2025-05-03,2025-05-14,Delayed
798,71,2,1085,351,2025-11-11,2025-11-14,Delayed
799,48,5,323,856,2026-01-28,2026-02-10,In Transit
800,54,2,4801,498,2025-08-07,2025-08-20,Received
801,55,3,3995,361,2024-06-27,2024-07-10,Received
802,82,4,3852,326,2025-08-04,2025-08-12,In Transit
803,31,2,3816,370,2024-03-15,2024-03-24,Delayed
804,59,3,2247,588,2025-01-02,2025-01-07,Received
805,70,2,4012,231,2025-12-09,2025-12-17,Received
806,17,1,3551,124,2025-08-07,2025-08-20,Received
807,47,4,4151,997,2024-08-20,2024-08-25,Delayed
808,91,2,1248,824,2025-08-27,2025-08-31,Received
809,8,5,3190,833,2025-12-03,2025-12-13,Received
810,43,2,238,352,2025-10-10,2025-10-12,Received
811,91,3,612,947,2024-06-10,2024-06-16,Received
812,8,1,207,976,2024-04-30,2024-05-09,Received
813,81,5,3982,403,2024-12-29,2025-01-01,In Transit
814,43,4,4410,135,2025-07-27,2025-07-29,In Transit
815,51,1,2176,775,2025-08-03,2025-08-05,Received
816,43,1,121,326,2024-05-10,2024-05-20,In Transit
817,26,1,3645,167,2025-03-26,2025-04-05,Received
818,7,1,957,788,2025-09-19,2025-09-28,Received
819,19,4,5685,826,2024-05-03,2024-05-15,Received
820,42,1,4209,792,2025-05-27,2025-05-30,Received
821,50,2,1540,427,2025-09-06,2025-09-11,Received
822,45,4,3343,335,2024-04-15,2024-04-24,Received
823,47,5,1097,417,2025-04-16,2025-04-25,Received
824,85,5,4760,687,2025-01-28,2025-02-05,Received
825,81,2,2737,127,2025-12-08,2025-12-16,Received
826,52,4,1763,88,2025-08-09,2025-08-12,Received
827,25,3,3081,235,2025-09-06,2025-09-19,Received
828,84,1,4368,716,2026-01-16,2026-01-24,Received
829,16,5,4207,617,2025-11-06,2025-11-14,In Transit
830,31,4,5735,481,2024-03-07,2024-03-15,In Transit
831,7,5,2499,391,2025-01-26,2025-01-30,Received
832,28,5,4298,182,2024-09-12,2024-09-22,Received
833,12,1,4144,730,2026-02-04,2026-02-16,Received
834,63,4,216,669,2025-11-29,2025-12-08,Received
835,86,4,851,844,2024-10-03,2024-10-11,Received
836,76,2,2362,847,2024-10-10,2024-10-16,Received
837,8,5,1341,472,2025-04-16,2025-04-22,Received
838,14,1,3963,281,2024-11-22,2024-11-25,Received
839,35,3,2928,950,2024-06-21,2024-06-27,Received
840,31,4,5405,535,2025-10-07,2025-10-13,Received
841,60,2,5005,397,2024-09-12,2024-09-22,Received
842,56,5,3713,233,2025-08-13,2025-08-24,Received
843,31,5,4919,104,2024-03-16,2024-03-19,Received
844,27,3,3140,548,2024-04-22,2024-05-01,Received
845,26,2,5768,424,2024-06-23,2024-07-03,Received
846,71,5,65,598,2026-02-11,2026-02-19,In Transit
847,42,4,4667,289,2025-08-31,2025-09-12,Received
848,51,5,528,941,2024-03-02,2024-03-04,Received
849,1,1,2300,364,2024-11-17,2024-11-19,Received
850,37,5,1678,182,2024-06-12,2024-06-19,Received
851,31,1,3311,855,2025-03-23,2025-03-30,Received
852,34,5,3942,941,2024-07-28,2024-08-02,Received
853,48,4,2987,535,2025-12-28,2026-01-03,Received
854,61,3,4584,332,2025-08-08,2025-08-18,Received
855,7,5,4473,996,2025-12-18,2025-12-27,Received
856,24,1,962,251,2024-05-22,2024-06-04,Received
857,76,2,867,431,2025-07-30,2025-08-11,Received
858,9,4,3472,302,2024-12-04,2024-12-14,Received
859,1,4,2488,189,2024-05-20,2024-05-31,Received
860,22,2,3018,707,2024-02-27,2024-02-29,Received
861,82,2,4846,990,2026-02-08,2026-02-21,Received
862,14,5,412,459,2025-07-20,2025-08-02,Received
863,87,1,1358,436,2024-10-26,2024-11-01,Received
864,7,3,3809,361,2024-11-25,2024-11-27,Received
865,39,1,5283,750,2025-05-08,2025-05-10,Received
866,29,4,656,137,2026-01-16,2026-01-23,Received
867,41,5,2665,477,2025-09-20,2025-10-01,Received
868,2,3,2837,128,2025-02-01,2025-02-09,Received
869,66,3,5490,547,2025-11-21,2025-11-26,Received
870,43,2,1771,962,2024-10-08,2024-10-12,Received
871,69,5,4455,962,2025-03-14,2025-03-25,Received
872,49,4,2379,627,2024-06-04,2024-06-10,Delayed
873,77,2,5668,725,2024-12-22,2024-12-30,Received
874,68,1,5113,693,2025-10-27,2025-10-29,Received
875,24,2,3070,530,2025-10-16,2025-10-27,In Transit
876,32,3,4326,584,2024-08-20,2024-08-31,Received
877,67,1,4066,418,2024-09-15,2024-09-27,Received
878,10,5,5786,348,2025-11-18,2025-11-25,Received
879,83,4,3849,935,2026-01-13,2026-01-24,Received
880,49,3,4975,377,2024-04-14,2024-04-24,Received
881,63,5,1268,390,2025-07-24,2025-07-30,Received
882,8,3,2034,565,2025-07-18,2025-07-21,Received
883,40,5,3662,971,2024-03-10,2024-03-13,Received
884,71,3,400,884,2024-04-05,2024-04-14,Received
885,84,4,232,375,2024-06-21,2024-06-25,Received
886,58,5,935,86,2024-05-24,2024-05-29,Received
887,88,5,1827,805,2026-01-13,2026-01-25,Received
888,81,5,4250,199,2024-11-22,2024-11-25,In Transit
889,20,4,4093,695,2024-04-19,2024-04-24,Received
890,53,1,4787,560,2025-09-09,2025-09-11,Received
891,50,1,723,752,2025-02-19,2025-02-22,Delayed
892,5,1,3647,460,2025-02-14,2025-02-22,In Transit
893,57,5,3628,754,2025-12-21,2025-12-25,Received
894,87,4,3973,563,2025-08-12,2025-08-21,Received
895,49,3,5207,922,2024-05-28,2024-06-08,In Transit
896,44,3,3733,203,2025-01-27,2025-01-30,Received
897,29,3,4112,490,2024-06-12,2024-06-25,Received
898,39,3,484,670,2025-01-02,2025-01-10,Received
899,25,2,1663,537,2025-11-28,2025-11-30,In Transit
900,5,4,5056,158,2025-07-12,2025-07-25,Received
901,23,2,2914,836,2025-06-25,2025-07-04,Received
902,62,4,381,741,2024-10-29,2024-11-07,Received
903,90,5,4169,234,2024-03-17,2024-03-22,Received
904,10,2,427,651,2024-10-17,2024-10-30,Received
905,26,1,2690,847,2025-02-18,2025-02-26,In Transit
906,6,2,4684,916,2024-07-25,2024-08-03,Received
907,57,2,239,519,2025-02-15,2025-02-17,Received
908,42,2,47,459,2024-11-28,2024-12-04,Received
909,78,2,1920,784,2025-03-11,2025-03-14,Received
910,30,2,5382,743,2024-11-10,2024-11-20,In Transit
911,26,1,1914,794,2024-05-08,2024-05-11,Received
912,73,4,5046,670,2024-04-08,2024-04-19,Received
913,46,2,2619,797,2025-11-29,2025-12-07,Received
914,57,1,1936,312,2025-12-02,2025-12-15,Received
915,70,1,1460,733,2024-10-31,2024-11-02,Received
916,83,5,2817,833,2026-02-09,2026-02-13,In Transit
917,67,5,1929,984,2025-08-14,2025-08-26,Received
918,36,1,1541,87,2025-04-05,2025-04-17,Delayed
919,33,1,5760,178,2024-12-10,2024-12-13,Received
920,6,4,2824,729,2024-08-17,2024-08-19,Received
921,59,1,1561,508,2024-09-07,2024-09-15,In Transit
922,86,2,590,185,2024-10-30,2024-11-07,Received
923,82,4,2114,372,2024-10-06,2024-10-11,Received
924,75,4,3658,214,2024-02-16,2024-02-24,In Transit
925,71,5,5714,323,2025-03-14,2025-03-16,Received
926,16,5,5317,676,2026-02-14,2026-02-27,Received
927,44,1,411,661,2024-07-21,2024-08-02,Received
928,21,2,246,596,2025-05-29,2025-06-07,Received
929,2,1,5217,550,2024-06-17,2024-06-28,Received
930,37,4,2921,52,2024-08-07,2024-08-20,Received
931,21,2,3730,576,2024-11-17,2024-11-21,Received
932,64,2,3962,198,2025-04-19,2025-04-29,Received
933,86,3,5244,51,2025-01-22,2025-01-31,Received
934,47,3,4916,111,2024-12-14,2024-12-17,Received
935,84,4,1785,147,2024-03-29,2024-04-08,Received
936,73,4,3765,372,2025-12-31,2026-01-04,Received
937,70,2,883,233,2026-02-05,2026-02-18,Received
938,58,4,3580,593,2025-03-28,2025-04-07,In Transit
939,37,2,531,543,2024-04-08,2024-04-12,Received
940,48,3,3868,772,2025-05-04,2025-05-16,Received
941,3,1,4548,963,2026-01-10,2026-01-13,Received
942,51,4,4227,806,2024-11-29,2024-12-12,Received
943,20,3,5622,406,2024-09-04,2024-09-15,Received
944,60,1,1587,337,2025-09-07,2025-09-09,Received
945,62,3,206,334,2024-08-09,2024-08-22,Received
946,27,4,876,226,2025-02-10,2025-02-15,Delayed
947,12,2,5654,970,2025-07-12,2025-07-18,Received
948,36,2,1994,269,2024-08-26,2024-08-28,Received
949,41,4,4441,279,2024-06-02,2024-06-08,Received
950,85,5,5689,999,2024-09-27,2024-10-04,Received
951,82,3,1901,629,2025-09-18,2025-09-23,Received
952,24,5,4482,967,2024-03-03,2024-03-13,Delayed
953,70,4,3858,377,2024-07-09,2024-07-13,In Transit
954,59,3,1941,178,2025-09-23,2025-10-02,Received
955,25,5,4286,175,2024-04-27,2024-04-30,In Transit
956,23,5,2543,644,2024-11-16,2024-11-28,Received
957,23,4,5704,213,2024-02-26,2024-02-29,Delayed
958,34,2,4098,498,2025-09-22,2025-09-26,Received
959,32,1,1630,356,2025-06-26,2025-06-30,Received
960,64,5,5416,88,2024-10-06,2024-10-11,Received
961,7,2,5803,208,2025-01-28,2025-02-08,Received
962,30,4,3080,458,2024-09-16,2024-09-27,Received
963,54,1,2497,200,2024-05-06,2024-05-09,Received
964,46,4,4255,299,2025-02-20,2025-03-01,Received
965,31,5,3153,93,2024-10-09,2024-10-11,In Transit
966,70,1,752,665,2024-12-31,2025-01-09,In Transit
967,77,4,5649,678,2024-06-16,2024-06-18,Received
968,32,4,1517,579,2026-02-04,2026-02-13,Received
969,88,1,4625,285,2024-09-10,2024-09-17,Received
970,70,4,2752,882,2024-08-02,2024-08-09,In Transit
971,36,5,2707,411,2024-11-03,2024-11-12,In Transit
972,25,4,1536,420,2025-03-24,2025-04-05,Received
973,81,2,5787,501,2025-06-01,2025-06-11,In Transit
974,49,2,2266,192,2026-01-01,2026-01-06,Received
975,31,4,3686,162,2024-06-23,2024-06-27,Received
976,2,1,5614,86,2025-08-09,2025-08-18,Received
977,82,1,590,345,2025-01-07,2025-01-10,Received
978,42,4,2051,593,2024-07-16,2024-07-25,Received
979,40,1,1938,402,2024-08-18,2024-08-25,In Transit
980,53,1,5778,466,2025-09-04,2025-09-12,In Transit
981,3,3,467,767,2026-01-22,2026-01-25,Received
982,55,4,261,502,2024-05-01,2024-05-08,Received
983,71,5,568,295,2025-10-01,2025-10-03,Received
984,30,1,4404,570,2024-05-21,2024-05-25,Received
985,6,1,2608,317,2025-06-20,2025-06-27,Received
986,72,5,2913,311,2024-06-17,2024-06-22,In Transit
987,48,2,3037,437,2024-10-27,2024-11-04,Received
988,82,1,2690,668,2024-06-01,2024-06-08,In Transit
989,70,5,2931,274,2025-04-11,2025-04-19,Received
990,83,1,5283,798,2024-10-30,2024-11-08,Received
991,15,5,5460,195,2024-07-24,2024-07-26,In Transit
992,46,1,3874,231,2025-04-29,2025-05-03,Delayed
993,10,5,3814,350,2024-03-06,2024-03-19,Received
994,52,5,3427,853,2024-02-22,2024-02-29,In Transit
995,88,3,2400,102,2024-08-05,2024-08-17,In Transit
996,38,2,4243,789,2025-06-02,2025-06-13,Received
997,24,1,1425,99,2024-12-06,2024-12-09,Received
998,80,2,3840,789,2025-02-27,2025-03-11,Received
999,37,5,2858,297,2024-04-10,2024-04-22,Received
1000,40,5,4488,877,2025-11-18,2025-11-25,In Transit
1001,88,4,3479,268,2024-06-23,2024-07-05,Delayed
1002,82,1,44,645,2025-10-13,2025-10-19,Received
1003,83,5,3307,442,2024-09-11,2024-09-15,In Transit
1004,75,1,875,111,2024-08-19,2024-09-01,Received
1005,23,1,2974,214,2025-06-04,2025-06-07,In Transit
1006,12,1,2611,672,2026-01-12,2026-01-16,In Transit
1007,70,5,5169,561,2026-02-12,2026-02-15,Received
1008,48,4,122,645,2024-02-15,2024-02-21,In Transit
1009,30,2,1613,417,2024-03-21,2024-03-29,Received
1010,32,5,624,889,2025-03-24,2025-03-26,Received
1011,77,3,4249,300,2024-07-23,2024-07-26,Received
1012,75,2,3996,552,2024-10-21,2024-10-30,Received
1013,68,5,2824,847,2025-10-14,2025-10-16,Received
1014,6,3,3927,105,2024-04-28,2024-05-07,Received
1015,62,3,2128,387,2024-12-15,2024-12-17,Received
1016,14,4,4866,978,2025-05-26,2025-05-29,Received
1017,11,5,1825,843,2024-03-29,2024-04-05,Received
1018,1,1,868,198,2026-01-31,2026-02-09,In Transit
1019,17,3,1677,294,2026-01-13,2026-01-16,Received
1020,68,3,1636,540,2025-06-21,2025-06-29,In Transit
1021,91,3,1770,744,2025-03-10,2025-03-18,Received
1022,35,2,4619,476,2024-11-25,2024-11-30,Received
1023,89,3,2836,963,2024-04-17,2024-04-23,Received
1024,2,5,5579,110,2024-06-24,2024-07-07,Delayed
1025,12,1,2453,432,2024-03-17,2024-03-25,Received
1026,79,3,3867,786,2025-06-25,2025-07-08,In Transit
1027,37,2,1201,918,2024-08-30,2024-09-07,Received
1028,1,3,2248,682,2024-11-12,2024-11-17,Received
1029,36,1,239,396,2025-04-28,2025-05-08,Received
1030,23,5,2844,312,2025-09-26,2025-10-05,Received
1031,32,3,2046,998,2024-07-05,2024-07-12,Delayed
1032,10,1,4699,465,2025-08-09,2025-08-22,Received
1033,86,5,3605,808,2024-03-20,2024-03-28,Received
1034,31,2,3455,623,2025-06-08,2025-06-18,Received
1035,85,5,4729,343,2025-07-04,2025-07-13,Delayed
1036,20,5,1839,406,2026-02-05,2026-02-18,In Transit
1037,42,3,2346,507,2025-01-16,2025-01-29,In Transit
1038,23,2,1503,770,2026-01-09,2026-01-17,Received
1039,70,2,1656,397,2025-09-22,2025-10-03,In Transit
1040,72,4,1254,656,2025-09-09,2025-09-19,Received
1041,23,5,2850,157,2024-03-27,2024-04-04,Delayed
1042,15,1,2813,215,2025-10-01,2025-10-13,Received
1043,39,3,2018,166,2025-09-22,2025-09-30,Received
1044,80,4,5366,75,2025-09-07,2025-09-14,Delayed
1045,67,2,2860,767,2025-11-13,2025-11-19,Received
1046,23,2,5524,980,2024-07-07,2024-07-15,Received
1047,55,5,2425,933,2024-02-23,2024-03-02,Received
1048,25,3,5360,775,2024-04-18,2024-05-01,Received
1049,25,3,5222,786,2024-12-21,2024-12-29,Received
1050,58,2,3617,150,2025-09-12,2025-09-15,Received
1051,89,5,512,602,2025-05-08,2025-05-13,Received
1052,28,3,3907,411,2024-10-11,2024-10-22,Received
1053,25,1,455,336,2024-12-06,2024-12-13,Received
1054,89,2,1588,258,2025-01-13,2025-01-16,Received
1055,4,4,1988,424,2024-05-22,2024-05-26,Received
1056,68,3,1686,88,2025-09-16,2025-09-20,Received
1057,5,2,4631,419,2025-03-15,2025-03-23,Received
1058,32,2,3099,138,2025-09-20,2025-09-27,In Transit
1059,18,2,1262,760,2025-04-05,2025-04-12,Received
1060,1,1,1568,671,2025-02-22,2025-03-06,Received
1061,40,1,3099,409,2025-03-21,2025-03-28,In Transit
1062,56,2,219,714,2024-08-15,2024-08-26,In Transit
1063,23,4,3481,907,2024-12-31,2025-01-06,In Transit
1064,60,3,717,240,2025-01-15,2025-01-28,Received
1065,56,1,118,742,2025-05-28,2025-06-07,Received
1066,72,3,951,274,2026-01-27,2026-02-03,In Transit
1067,35,5,3214,901,2024-08-09,2024-08-20,Received
1068,59,5,1652,959,2025-06-21,2025-06-25,In Transit
1069,40,3,3230,467,2024-11-27,2024-12-05,Received
1070,28,5,725,769,2024-09-13,2024-09-15,Delayed
1071,19,1,119,865,2025-07-22,2025-07-27,Received
1072,44,5,3499,629,2026-02-08,2026-02-12,Delayed
1073,76,5,4273,280,2025-02-03,2025-02-05,Received
1074,18,5,3506,263,2026-01-19,2026-01-23,Received
1075,43,5,5387,498,2025-12-04,2025-12-08,Received
1076,58,3,4447,502,2024-12-01,2024-12-09,Delayed
1077,59,3,2113,206,2025-05-15,2025-05-24,Received
1078,27,5,1032,220,2025-01-17,2025-01-26,Received
1079,39,1,3609,803,2025-11-17,2025-11-27,Received
1080,28,5,493,269,2025-03-18,2025-03-26,Received
1081,26,4,1082,213,2024-03-16,2024-03-20,Received
1082,78,2,2470,452,2024-04-10,2024-04-19,Received
1083,8,3,2300,963,2025-02-12,2025-02-17,Received
1084,79,1,3541,939,2025-07-15,2025-07-27,Received
1085,18,2,3039,179,2025-01-27,2025-01-31,Received
1086,52,5,1032,614,2025-03-09,2025-03-12,In Transit
1087,50,3,1222,773,2025-04-13,2025-04-23,In Transit
1088,81,3,296,748,2025-04-06,2025-04-10,Received
1089,84,3,3657,97,2024-06-20,2024-06-26,Received
1090,75,5,5229,575,2024-02-19,2024-02-27,Received
1091,61,4,634,989,2026-01-28,2026-01-31,Received
1092,78,1,3005,850,2025-09-11,2025-09-13,Received
1093,2,3,4643,62,2024-12-21,2024-12-28,Received
1094,26,1,23,611,2024-10-18,2024-10-22,Received
1095,5,4,2251,618,2024-06-26,2024-07-09,Received
1096,9,3,2253,224,2025-11-23,2025-11-25,Received
1097,53,2,3221,632,2024-12-04,2024-12-06,In Transit
1098,81,5,1232,543,2024-07-08,2024-07-11,Received
1099,46,1,1575,235,2024-09-24,2024-10-07,Received
1100,15,1,3548,703,2025-04-03,2025-04-13,Received
1101,42,4,2413,212,2024-07-16,2024-07-18,Received
1102,21,3,2974,106,2025-06-10,2025-06-18,Received
1103,20,1,5486,899,2024-05-30,2024-06-09,Received
1104,67,1,3624,562,2024-10-30,2024-11-04,Received
1105,68,3,1500,195,2025-05-06,2025-05-14,Received
1106,58,1,4855,925,2024-12-18,2024-12-24,Received
1107,74,4,2681,576,2025-11-14,2025-11-20,In Transit
1108,76,4,300,556,2026-01-14,2026-01-22,In Transit
1109,38,2,2104,983,2025-11-26,2025-12-01,Received
1110,39,2,4569,110,2026-01-27,2026-02-09,Received
1111,85,3,2793,366,2024-04-05,2024-04-10,Received
1112,38,5,2801,51,2024-08-25,2024-09-06,Received
1113,36,2,5227,873,2025-09-25,2025-10-08,Received
1114,2,4,965,407,2026-02-06,2026-02-09,Received
1115,74,1,3264,157,2025-09-04,2025-09-11,Received
1116,58,5,2026,347,2024-05-29,2024-06-07,Received
1117,2,2,793,510,2025-09-29,2025-10-05,Received
1118,11,5,4135,325,2026-02-08,2026-02-18,Received
1119,32,4,681,116,2025-05-22,2025-05-30,Received
1120,3,4,5741,875,2025-09-16,2025-09-20,Received
1121,41,1,4095,141,2025-07-07,2025-07-20,Delayed
1122,34,1,5167,597,2025-11-11,2025-11-23,Received
1123,5,4,3999,165,2024-08-01,2024-08-10,In Transit
1124,79,1,3855,177,2024-09-21,2024-09-28,Received
1125,60,2,2904,296,2024-04-26,2024-05-04,Received
1126,16,5,3218,66,2025-08-12,2025-08-21,In Transit
1127,87,3,115,438,2025-09-28,2025-10-09,In Transit
1128,53,2,1649,302,2024-06-20,2024-06-24,Received
1129,41,3,5542,139,2025-10-20,2025-10-25,Received
1130,74,4,4171,260,2025-01-20,2025-01-22,Received
1131,39,3,1998,867,2025-01-09,2025-01-15,Received
1132,16,3,3465,754,2025-10-22,2025-10-29,Received
1133,30,5,1735,93,2025-10-24,2025-11-05,Received
1134,11,3,1805,736,2025-10-20,2025-10-23,Received
1135,19,3,1051,456,2024-07-04,2024-07-08,Received
1136,49,3,4113,203,2025-11-23,2025-12-03,Received
1137,8,1,2663,206,2025-11-25,2025-12-03,Received
1138,22,1,502,606,2025-11-18,2025-11-25,Received
1139,2,3,4674,147,2026-01-13,2026-01-18,Received
1140,25,3,1204,702,2025-04-29,2025-05-12,Received
1141,85,2,2976,317,2025-03-26,2025-04-01,Received
1142,22,5,4019,807,2025-10-05,2025-10-10,Received
1143,19,1,395,196,2024-07-02,2024-07-13,Delayed
1144,41,4,5589,483,2024-04-18,2024-04-21,In Transit
1145,15,5,3308,861,2024-05-04,2024-05-15,Received
1146,31,5,19,449,2024-12-27,2025-01-06,In Transit
1147,74,3,1068,828,2024-02-21,2024-02-29,Received
1148,84,3,260,812,2024-09-21,2024-09-29,Received
1149,41,1,4109,615,2025-01-18,2025-01-27,Delayed
1150,88,3,3511,376,2025-05-26,2025-06-02,Received
1151,61,2,3095,787,2025-04-11,2025-04-22,Received
1152,37,3,5374,406,2025-09-07,2025-09-10,Delayed
1153,21,4,2151,340,2024-04-09,2024-04-17,Received
1154,68,4,888,293,2024-12-24,2025-01-03,Delayed
1155,28,3,590,615,2024-09-13,2024-09-18,Received
1156,18,1,5111,57,2025-08-04,2025-08-14,Received
1157,18,4,645,132,2025-10-24,2025-10-26,In Transit
1158,84,4,890,524,2024-08-24,2024-08-31,Received
1159,72,2,2067,323,2024-06-22,2024-06-26,Received
1160,20,4,2779,202,2024-10-15,2024-10-22,In Transit
1161,88,5,5560,664,2024-03-25,2024-03-31,Received
1162,39,1,4986,456,2025-05-11,2025-05-22,Received
1163,75,5,420,991,2025-01-14,2025-01-16,Received
1164,57,1,4797,664,2025-01-10,2025-01-13,Received
1165,91,3,4885,583,2025-04-20,2025-04-23,Received
1166,60,1,1028,356,2025-07-05,2025-07-08,In Transit
1167,11,5,2526,794,2024-05-14,2024-05-25,Delayed
1168,27,4,4901,258,2025-11-13,2025-11-19,Delayed
1169,90,4,4099,696,2025-12-24,2026-01-02,Received
1170,54,3,717,712,2024-04-14,2024-04-27,Received
1171,27,1,2844,494,2024-08-02,2024-08-09,In Transit
1172,81,4,4685,376,2024-10-21,2024-10-31,Received
1173,49,3,4307,338,2024-07-16,2024-07-18,Received
1174,88,1,4674,630,2025-02-10,2025-02-16,Received
1175,49,4,2875,304,2024-07-07,2024-07-16,Delayed
1176,74,5,3069,251,2025-10-11,2025-10-22,Delayed
1177,39,5,2667,113,2024-08-21,2024-08-29,Received
1178,23,1,5375,555,2025-11-27,2025-12-06,Received
1179,29,2,4710,204,2025-07-10,2025-07-21,Received
1180,71,5,1292,354,2024-11-17,2024-11-29,Received
1181,74,5,5639,263,2024-06-24,2024-07-04,Delayed
1182,9,3,2577,476,2025-08-14,2025-08-22,Received
1183,15,4,2219,474,2025-12-14,2025-12-27,Received
1184,12,1,4745,398,2024-07-02,2024-07-11,Received
1185,43,3,4136,227,2024-10-02,2024-10-08,Received
1186,50,3,5709,535,2024-02-28,2024-03-04,Received
1187,67,5,1473,989,2024-05-04,2024-05-06,In Transit
1188,80,1,1024,606,2025-01-05,2025-01-08,Received
1189,75,1,4348,627,2025-12-28,2026-01-04,Received
1190,79,4,3682,300,2024-06-19,2024-06-23,Received
1191,30,4,3059,348,2025-06-20,2025-06-22,Received
1192,26,5,5217,990,2024-11-14,2024-11-22,Received
1193,73,3,3126,628,2025-11-24,2025-11-27,Received
1194,81,1,587,348,2025-01-06,2025-01-14,Received
1195,63,5,1352,204,2025-02-06,2025-02-13,Received
1196,79,2,3278,72,2024-10-05,2024-10-18,Received
1197,91,2,5597,428,2025-03-09,2025-03-12,Received
1198,10,3,2296,543,2025-12-04,2025-12-17,In Transit
1199,36,3,3896,917,2025-10-12,2025-10-25,Received
1200,60,2,973,529,2026-02-07,2026-02-18,Received
1201,40,4,3759,909,2025-01-30,2025-02-07,Received
1202,51,1,1064,239,2024-03-23,2024-03-29,Received
1203,60,3,1196,821,2024-08-09,2024-08-21,Received
1204,24,1,4685,83,2025-08-30,2025-09-01,Received
1205,82,5,2187,436,2024-04-12,2024-04-16,Received
1206,67,4,97,498,2024-12-07,2024-12-10,Received
1207,70,4,414,705,2024-06-05,2024-06-11,In Transit
1208,42,1,61,952,2024-03-23,2024-04-03,Received
1209,52,2,1822,55,2024-03-02,2024-03-06,In Transit
1210,79,3,5667,209,2024-09-10,2024-09-20,Received
1211,79,1,3999,256,2025-01-29,2025-02-01,Received
1212,89,2,2697,679,2024-04-14,2024-04-23,Received
1213,36,2,5765,931,2025-12-14,2025-12-22,Received
1214,47,3,2064,367,2024-02-17,2024-03-01,Received
1215,12,1,3986,442,2024-07-03,2024-07-16,In Transit
1216,70,5,5727,344,2025-02-20,2025-02-24,Received
1217,71,4,1225,294,2024-02-29,2024-03-10,Received
1218,62,4,4086,658,2026-01-19,2026-01-29,Received
1219,25,4,4048,321,2025-12-29,2026-01-02,Received
1220,27,1,427,474,2024-09-05,2024-09-12,In Transit
1221,86,5,3546,129,2025-10-28,2025-11-02,Received
1222,46,1,3437,452,2024-06-11,2024-06-23,Received
1223,82,5,660,929,2024-07-05,2024-07-15,Received
1224,24,4,981,183,2024-09-02,2024-09-10,Received
1225,69,5,762,136,2024-11-15,2024-11-24,Received
1226,51,4,4519,810,2024-06-19,2024-06-26,Received
1227,69,5,1005,727,2025-10-05,2025-10-14,Received
1228,71,4,3127,776,2024-06-24,2024-07-03,Received
1229,74,2,436,175,2025-11-18,2025-11-29,Received
1230,80,5,2957,482,2025-12-29,2026-01-11,Received
1231,54,1,3207,431,2025-11-04,2025-11-15,Received
1232,84,1,2849,496,2025-11-03,2025-11-11,In Transit
1233,11,4,5268,312,2024-04-22,2024-04-28,Received
1234,48,2,4482,886,2026-02-01,2026-02-11,Received
1235,32,3,4831,144,2025-08-20,2025-08-26,Received
1236,31,2,1477,370,2024-12-03,2024-12-09,Received
1237,68,2,923,945,2024-10-26,2024-11-05,Received
1238,87,1,4827,211,2025-03-28,2025-04-06,Received
1239,20,1,4571,687,2024-03-10,2024-03-17,Received
1240,46,5,4459,351,2025-05-27,2025-06-05,Received
1241,82,5,2892,218,2025-01-10,2025-01-18,Received
1242,9,2,1243,907,2025-10-14,2025-10-26,In Transit
1243,26,4,1806,458,2024-03-19,2024-03-29,Received
1244,20,3,342,82,2026-01-18,2026-01-25,Delayed
1245,70,2,1453,199,2024-11-19,2024-11-25,Received
1246,56,3,2911,67,2024-12-19,2024-12-23,Received
1247,61,3,2448,810,2025-10-20,2025-10-22,Delayed
1248,17,5,3380,666,2025-01-23,2025-02-05,Received
1249,80,5,1944,404,2025-07-15,2025-07-18,Received
1250,26,3,135,619,2026-01-06,2026-01-15,In Transit
1251,24,4,2260,705,2024-04-03,2024-04-11,In Transit
1252,21,3,521,113,2024-10-20,2024-10-28,Received
1253,6,3,2239,199,2025-11-15,2025-11-21,Received
1254,41,4,4409,994,2024-09-13,2024-09-17,Received
1255,3,3,3336,839,2024-03-08,2024-03-18,In Transit
1256,24,4,1197,72,2024-12-06,2024-12-16,Received
1257,67,2,5539,520,2025-07-24,2025-08-02,Received
1258,49,1,2762,683,2025-07-10,2025-07-13,Received
1259,28,2,3876,733,2024-06-27,2024-07-01,In Transit
1260,43,4,3654,723,2025-02-22,2025-02-26,In Transit
1261,3,5,2195,384,2025-08-07,2025-08-12,Received
1262,13,3,5052,360,2026-01-13,2026-01-17,Received
1263,28,5,5704,871,2024-06-14,2024-06-21,In Transit
1264,77,1,5797,800,2025-10-21,2025-11-03,Received
1265,77,3,5232,353,2024-05-25,2024-05-31,Received
1266,49,5,4126,768,2024-07-07,2024-07-13,Received
1267,19,2,3124,832,2024-03-08,2024-03-11,Received
1268,67,4,5523,269,2026-01-28,2026-02-06,Received
1269,25,1,1448,421,2024-06-02,2024-06-05,Received
1270,24,1,5404,764,2025-10-19,2025-10-28,Received
1271,66,2,716,513,2026-01-17,2026-01-25,Received
1272,22,3,3706,217,2025-10-07,2025-10-15,Delayed
1273,53,3,5556,290,2025-01-25,2025-02-04,Received
1274,62,4,1944,273,2025-04-16,2025-04-28,In Transit
1275,37,2,2799,929,2024-10-03,2024-10-07,In Transit
1276,72,1,5418,406,2024-09-24,2024-10-07,In Transit
1277,68,2,4666,324,2025-06-26,2025-06-28,Received
1278,26,4,184,72,2024-06-19,2024-06-28,In Transit
1279,20,5,182,641,2024-07-14,2024-07-19,Received
1280,77,2,3742,684,2024-05-01,2024-05-05,Received
1281,62,2,2105,931,2025-03-28,2025-04-09,Delayed
1282,12,5,4647,130,2025-10-08,2025-10-18,Received
1283,15,5,3276,491,2025-12-31,2026-01-06,Received
1284,77,3,5021,824,2025-08-23,2025-09-01,Received
1285,52,4,4825,169,2024-10-16,2024-10-24,Received
1286,38,3,3234,402,2025-07-07,2025-07-15,Received
1287,73,3,761,135,2025-03-22,2025-04-01,Received
1288,79,4,4354,526,2025-04-14,2025-04-21,In Transit
1289,17,1,4439,264,2025-04-09,2025-04-14,In Transit
1290,9,1,4510,168,2024-03-12,2024-03-23,Received
1291,78,4,2654,106,2024-03-22,2024-03-27,Received
1292,77,2,3055,883,2025-03-06,2025-03-16,Received
1293,51,1,4259,599,2024-02-17,2024-02-26,In Transit
1294,31,5,5697,905,2024-05-12,2024-05-22,Delayed
1295,42,3,110,503,2025-06-07,2025-06-17,Received
1296,68,1,4598,295,2025-06-03,2025-06-05,In Transit
1297,66,3,3438,514,2025-11-28,2025-12-10,Received
1298,32,5,4083,713,2025-11-21,2025-11-30,Received
1299,6,3,4445,651,2025-01-30,2025-02-12,In Transit
1300,26,1,1921,590,2024-07-01,2024-07-14,Received
1301,32,3,166,181,2025-02-03,2025-02-16,Received
1302,59,2,5606,598,2025-02-22,2025-03-07,Received
1303,68,3,2410,534,2025-04-03,2025-04-09,Received
1304,78,2,4534,473,2024-06-17,2024-06-29,Received
1305,31,1,5815,361,2025-04-04,2025-04-15,In Transit
1306,71,4,5207,365,2024-07-23,2024-07-31,Received
1307,47,4,5018,601,2025-12-25,2026-01-06,Received
1308,18,5,4045,851,2025-01-07,2025-01-15,Received
1309,53,4,1759,723,2024-06-14,2024-06-21,Received
1310,74,1,1995,711,2025-05-28,2025-06-09,Received
1311,12,1,3051,118,2024-03-06,2024-03-19,In Transit
1312,68,5,473,363,2025-06-20,2025-06-22,Received
1313,87,3,2790,971,2025-04-15,2025-04-21,Received
1314,49,1,2282,94,2025-03-25,2025-03-28,Received
1315,71,5,111,267,2025-08-23,2025-09-02,Received
1316,13,1,2137,57,2024-12-16,2024-12-28,Received
1317,38,1,496,73,2024-08-17,2024-08-28,Received
1318,70,5,5763,766,2025-06-25,2025-06-30,Received
1319,14,2,4217,566,2025-01-21,2025-01-23,Received
1320,20,4,4521,231,2025-01-17,2025-01-28,In Transit
1321,13,4,3831,302,2024-03-10,2024-03-21,Received
1322,24,3,3511,498,2024-08-14,2024-08-19,Received
1323,60,1,486,302,2024-10-30,2024-11-11,Received
1324,62,1,5414,350,2025-11-05,2025-11-18,Received
1325,19,5,1610,390,2024-05-23,2024-05-28,Received
1326,9,4,715,695,2025-08-10,2025-08-12,In Transit
1327,18,1,3962,841,2025-03-01,2025-03-03,Received
1328,73,1,1896,296,2024-11-07,2024-11-09,Delayed
1329,35,4,1655,626,2025-07-07,2025-07-13,Received
1330,37,2,2228,451,2024-07-19,2024-07-31,Received
1331,83,2,4858,216,2025-11-03,2025-11-10,Received
1332,57,2,3525,125,2025-03-09,2025-03-18,Received
1333,51,1,1086,494,2024-04-03,2024-04-16,Received
1334,15,2,5348,630,2024-07-12,2024-07-16,Received
1335,39,4,1798,392,2024-05-29,2024-06-05,Received
1336,59,2,2559,460,2026-01-25,2026-01-29,Delayed
1337,26,3,445,478,2025-12-04,2025-12-11,Received
1338,18,5,227,739,2025-12-31,2026-01-13,Received
1339,15,3,517,237,2026-01-19,2026-01-28,In Transit
1340,15,5,4378,549,2025-07-15,2025-07-25,Received
1341,83,3,1540,109,2024-08-10,2024-08-21,Received
1342,1,5,3112,669,2024-04-18,2024-04-27,Received
1343,17,5,4883,568,2025-08-27,2025-09-08,In Transit
1344,81,2,181,903,2025-10-12,2025-10-23,Received
1345,22,2,1959,636,2025-08-14,2025-08-27,Received
1346,5,3,110,665,2025-09-15,2025-09-17,Received
1347,47,5,560,105,2025-04-27,2025-05-09,In Transit
1348,24,4,59,531,2024-09-07,2024-09-19,Received
1349,2,1,3598,437,2025-11-21,2025-11-23,Received
1350,46,1,3435,626,2025-01-17,2025-01-25,Received
1351,89,4,3907,724,2025-06-24,2025-07-03,In Transit
1352,60,3,3358,179,2025-07-26,2025-07-29,Received
1353,90,3,203,182,2025-11-16,2025-11-25,In Transit
1354,22,3,672,213,2024-11-25,2024-11-30,Received
1355,70,2,4584,424,2024-03-14,2024-03-25,Received
1356,31,5,3512,185,2025-08-08,2025-08-17,Received
1357,76,1,3354,707,2025-02-22,2025-03-02,Received
1358,10,3,5758,790,2025-10-05,2025-10-14,In Transit
1359,26,5,4256,836,2025-04-22,2025-05-04,Received
1360,36,2,360,627,2025-07-28,2025-08-09,Received
1361,85,2,2270,927,2025-11-28,2025-12-01,Received
1362,27,5,1132,557,2024-07-05,2024-07-15,In Transit
1363,52,4,4974,90,2024-03-29,2024-03-31,Received
1364,75,2,1234,917,2025-04-13,2025-04-19,In Transit
1365,60,1,4504,224,2024-05-24,2024-06-06,Received
1366,49,2,2238,54,2026-02-01,2026-02-10,Received
1367,48,3,4732,355,2025-06-12,2025-06-20,Received
1368,19,2,2835,768,2024-09-18,2024-09-25,Received
1369,13,5,3098,125,2025-11-02,2025-11-15,Received
1370,89,3,2851,830,2025-05-11,2025-05-21,Received
1371,49,4,3619,874,2025-09-29,2025-10-01,Received
1372,12,2,4605,448,2025-02-17,2025-03-02,In Transit
1373,16,5,5304,684,2025-12-27,2026-01-02,Received
1374,35,1,5100,114,2024-06-21,2024-06-23,Received
1375,10,2,2742,849,2025-02-26,2025-03-01,Received
1376,66,1,3616,927,2024-04-09,2024-04-15,Received
1377,6,1,266,430,2025-09-02,2025-09-06,Received
1378,75,4,1396,268,2025-06-07,2025-06-18,Received
1379,51,1,5108,839,2025-10-18,2025-10-30,Received
1380,36,3,1267,822,2024-03-07,2024-03-20,Received
1381,61,4,3487,319,2024-03-21,2024-04-01,Received
1382,80,2,532,708,2024-04-21,2024-04-26,Received
1383,25,3,4234,724,2025-12-02,2025-12-10,In Transit
1384,22,2,336,939,2025-10-13,2025-10-20,Received
1385,56,5,991,214,2025-07-22,2025-07-29,Received
1386,7,3,4029,301,2024-02-22,2024-02-28,Received
1387,45,2,2702,290,2025-06-06,2025-06-10,Received
1388,89,3,5036,933,2025-05-04,2025-05-13,Received
1389,3,4,4575,538,2025-11-28,2025-12-04,Received
1390,32,1,5128,961,2024-07-01,2024-07-12,Received
1391,6,5,3564,393,2025-10-18,2025-10-23,Received
1392,14,1,4959,401,2024-08-18,2024-08-27,Received
1393,62,4,4331,267,2024-04-14,2024-04-23,Received
1394,35,5,277,229,2026-01-01,2026-01-11,In Transit
1395,31,1,4577,568,2025-09-04,2025-09-11,Received
1396,79,1,3595,496,2024-04-24,2024-04-28,Received
1397,6,4,3152,226,2025-03-16,2025-03-23,Received
1398,11,3,5722,510,2024-10-24,2024-10-30,In Transit
1399,84,4,3112,974,2025-12-24,2026-01-04,Received
1400,7,5,3208,773,2025-06-11,2025-06-21,In Transit
1401,78,2,4707,577,2025-05-24,2025-05-26,Received
1402,18,2,5304,667,2025-11-01,2025-11-10,Received
1403,91,1,5571,358,2025-09-11,2025-09-23,In Transit
1404,17,5,4573,593,2024-10-20,2024-10-30,Received
1405,41,5,1192,253,2024-06-13,2024-06-26,Received
1406,58,2,1854,656,2024-11-21,2024-12-03,Received
1407,86,3,5093,469,2026-01-28,2026-02-08,In Transit
1408,28,1,2546,426,2025-11-10,2025-11-19,Received
1409,56,2,1197,391,2024-04-20,2024-04-25,Received
1410,80,1,1910,895,2024-06-19,2024-06-27,Received
1411,75,2,5102,337,2024-04-27,2024-05-04,Received
1412,28,2,2133,713,2024-07-18,2024-07-24,Received
1413,86,4,1266,237,2024-09-23,2024-10-01,Received
1414,7,2,4893,196,2024-09-27,2024-10-04,In Transit
1415,20,3,345,396,2024-06-12,2024-06-22,Received
1416,76,4,4112,71,2025-08-13,2025-08-15,Received
1417,33,3,3387,814,2024-08-09,2024-08-16,In Transit
1418,55,2,2834,544,2025-01-13,2025-01-19,Received
1419,28,4,3700,694,2024-05-15,2024-05-22,Received
1420,43,3,884,289,2025-02-05,2025-02-08,Received
1421,9,5,3950,530,2024-03-16,2024-03-18,In Transit
1422,89,4,5806,451,2024-04-14,2024-04-26,Received
1423,83,1,4421,136,2024-11-03,2024-11-09,Received
1424,58,2,264,804,2025-03-06,2025-03-18,Received
1425,48,5,2123,983,2024-05-30,2024-06-01,Received
1426,38,1,691,196,2024-12-17,2024-12-20,In Transit
1427,62,2,5112,705,2025-08-19,2025-09-01,Received
1428,88,1,3883,442,2025-10-11,2025-10-19,Received
1429,52,2,3026,496,2025-09-14,2025-09-19,Received
1430,9,3,1371,660,2025-03-19,2025-03-30,In Transit
1431,2,4,5239,574,2025-03-25,2025-04-01,Received
1432,18,2,2350,827,2025-10-21,2025-11-01,Received
1433,33,1,1891,649,2025-10-12,2025-10-19,Received
1434,55,3,3270,768,2025-04-30,2025-05-04,Received
1435,26,2,1259,722,2024-10-08,2024-10-13,In Transit
1436,91,3,1922,627,2024-04-03,2024-04-15,Received
1437,75,4,2746,147,2026-01-10,2026-01-16,Received
1438,52,3,3128,56,2024-06-06,2024-06-15,Received
1439,38,1,3061,292,2025-08-12,2025-08-14,Received
1440,12,1,1312,880,2024-11-27,2024-12-04,Received
1441,67,1,1026,461,2025-02-27,2025-03-05,Received
1442,59,3,2645,871,2024-04-20,2024-04-28,Received
1443,51,1,4212,508,2024-12-03,2024-12-06,Received
1444,80,2,3264,331,2024-09-22,2024-09-25,Received
1445,59,3,1715,242,2025-07-28,2025-08-06,In Transit
1446,37,5,5788,461,2026-01-13,2026-01-22,In Transit
1447,7,4,431,112,2025-02-24,2025-03-02,Received
1448,70,1,4830,854,2025-08-01,2025-08-11,Received
1449,71,1,1985,464,2024-07-03,2024-07-14,In Transit
1450,55,5,1573,270,2025-10-05,2025-10-17,Received
1451,60,1,1439,81,2025-10-20,2025-10-26,Received
1452,83,1,3221,273,2025-03-22,2025-03-29,Received
1453,68,4,2583,740,2025-01-29,2025-02-03,Received
1454,76,3,4976,502,2025-04-29,2025-05-08,Received
1455,66,2,842,275,2025-03-28,2025-04-07,Received
1456,85,5,987,386,2024-12-06,2024-12-13,Received
1457,30,1,3596,248,2025-11-29,2025-12-04,Received
1458,56,5,5687,568,2025-09-12,2025-09-20,Received
1459,42,5,4647,228,2026-01-07,2026-01-12,In Transit
1460,46,5,2822,763,2025-03-17,2025-03-26,Received
1461,30,5,1483,594,2025-05-15,2025-05-25,Received
1462,63,3,2709,551,2025-05-10,2025-05-22,Received
1463,61,2,1504,195,2025-12-16,2025-12-28,Received
1464,90,3,2426,654,2024-03-25,2024-04-01,Received
1465,15,2,4532,521,2026-01-09,2026-01-18,In Transit
1466,17,3,2848,107,2024-06-08,2024-06-10,Received
1467,76,2,3430,420,2025-10-08,2025-10-16,Delayed
1468,16,3,5587,277,2024-07-25,2024-07-31,Received
1469,66,5,1393,590,2024-05-29,2024-06-02,Received
1470,18,1,3968,147,2024-08-07,2024-08-19,Received
1471,73,3,4199,539,2024-07-08,2024-07-11,Received
1472,20,3,1730,561,2025-06-12,2025-06-17,Received
1473,31,5,4577,537,2025-01-27,2025-02-09,Received
1474,34,1,4915,551,2026-02-11,2026-02-23,In Transit
1475,5,4,3000,613,2024-07-18,2024-07-27,Received
1476,37,1,3935,248,2025-06-29,2025-07-08,In Transit
1477,87,5,5604,365,2024-09-19,2024-09-27,Received
1478,3,5,1520,746,2025-05-29,2025-06-05,Received
1479,18,5,3558,753,2025-07-24,2025-07-26,Received
1480,82,4,5788,534,2024-09-18,2024-09-24,In Transit
1481,80,4,1889,58,2025-01-12,2025-01-17,Received
1482,45,2,4674,981,2024-10-11,2024-10-22,Delayed
1483,82,1,1297,463,2024-03-25,2024-04-06,Received
1484,83,4,2290,208,2025-08-04,2025-08-12,Received
1485,22,5,4743,72,2025-09-03,2025-09-07,Received
1486,67,4,2807,642,2025-06-25,2025-06-30,Received
1487,79,2,2785,870,2024-03-24,2024-04-06,Received
1488,61,1,3839,75,2024-02-25,2024-03-03,Received
1489,79,2,353,650,2024-08-05,2024-08-08,In Transit
1490,28,3,687,939,2025-06-16,2025-06-26,In Transit
1491,36,3,909,862,2024-04-29,2024-05-06,In Transit
1492,26,3,3553,874,2025-07-12,2025-07-24,Received
1493,70,4,1506,260,2025-07-09,2025-07-16,Received
1494,45,3,3614,991,2025-05-27,2025-06-03,Received
1495,18,1,1217,633,2024-03-15,2024-03-20,Received
1496,37,1,5219,920,2024-04-24,2024-04-27,Delayed
1497,53,1,2258,772,2026-01-29,2026-01-31,Received
1498,68,5,5799,107,2025-08-24,2025-09-06,Received
1499,49,3,3346,617,2025-03-25,2025-03-30,Received
1500,11,1,5554,784,2024-03-03,2024-03-08,Received
1501,9,4,4497,991,2024-05-14,2024-05-18,Received
1502,83,3,2336,523,2025-07-23,2025-08-04,In Transit
1503,20,5,3479,240,2025-06-04,2025-06-06,Received
1504,71,4,2479,342,2025-08-30,2025-09-01,Received
1505,22,5,1116,288,2024-12-25,2025-01-07,Received
1506,88,3,3925,473,2024-12-13,2024-12-16,In Transit
1507,68,5,1681,504,2024-05-24,2024-06-01,Received
1508,77,3,2890,781,2025-05-05,2025-05-08,Received
1509,21,3,5363,800,2024-09-03,2024-09-07,Received
1510,77,3,162,620,2025-01-08,2025-01-12,Received
1511,91,2,2817,485,2024-02-18,2024-02-25,Delayed
1512,33,5,4821,796,2025-01-28,2025-02-10,Received
1513,87,5,797,505,2024-06-20,2024-06-25,In Transit
1514,60,1,4965,932,2024-08-04,2024-08-15,Received
1515,65,5,3313,388,2024-12-14,2024-12-18,Received
1516,25,3,1389,710,2025-06-10,2025-06-20,In Transit
1517,11,2,2650,986,2024-07-11,2024-07-18,Received
1518,53,3,5341,260,2025-04-17,2025-04-25,Received
1519,37,2,1181,538,2024-03-15,2024-03-26,Received
1520,33,4,3457,551,2025-11-05,2025-11-14,Received
1521,16,3,5177,199,2025-09-15,2025-09-24,Received
1522,62,1,1739,340,2025-06-07,2025-06-10,Received
1523,13,3,1798,671,2025-10-18,2025-10-28,Received
1524,78,4,5320,106,2025-05-20,2025-05-30,Received
1525,17,5,1307,540,2025-04-26,2025-04-30,Received
1526,40,1,2553,528,2024-06-21,2024-07-02,Received
1527,18,1,1431,330,2024-11-22,2024-11-30,Received
1528,30,1,4261,812,2025-12-21,2025-12-27,Received
1529,19,1,5167,489,2025-07-06,2025-07-08,Received
1530,10,2,191,785,2024-09-10,2024-09-18,Received
1531,9,4,4444,500,2025-07-25,2025-07-31,Received
1532,49,2,5091,494,2024-09-19,2024-09-27,Received
1533,32,1,347,906,2024-10-04,2024-10-10,Received
1534,42,4,5559,849,2025-12-14,2025-12-21,Received
1535,13,4,4205,542,2025-06-04,2025-06-15,Received
1536,2,3,2212,88,2024-10-27,2024-11-06,Received
1537,5,2,3811,589,2025-01-11,2025-01-19,Received
1538,45,1,53,257,2024-09-03,2024-09-08,Received
1539,79,1,133,909,2025-04-10,2025-04-20,In Transit
1540,11,3,5565,556,2024-11-22,2024-11-24,Delayed
1541,85,2,4494,577,2025-02-04,2025-02-14,Received
1542,75,1,2098,289,2024-02-28,2024-03-09,Received
1543,50,2,460,731,2024-04-21,2024-05-02,Received
1544,53,3,4042,643,2025-07-07,2025-07-20,Received
1545,54,2,3062,458,2025-09-25,2025-10-07,Received
1546,7,3,5689,154,2025-06-02,2025-06-09,In Transit
1547,6,2,3295,433,2024-04-27,2024-05-05,Received
1548,44,4,791,314,2025-11-04,2025-11-17,Received
1549,1,5,261,817,2025-01-10,2025-01-23,Received
1550,89,3,1824,767,2025-02-08,2025-02-15,In Transit
1551,45,1,5287,295,2024-04-04,2024-04-06,Received
1552,80,5,3266,173,2025-04-23,2025-05-05,Received
1553,89,3,4892,734,2024-11-02,2024-11-10,Received
1554,90,3,722,607,2026-01-18,2026-01-23,In Transit
1555,11,2,4693,428,2024-10-29,2024-11-04,Received
1556,62,3,2493,183,2025-05-20,2025-05-29,Received
1557,57,1,2021,442,2024-06-26,2024-07-07,Received
1558,46,4,2455,813,2025-04-07,2025-04-17,Received
1559,2,3,4701,762,2025-03-05,2025-03-14,Received
1560,47,5,3909,638,2024-08-14,2024-08-17,Received
1561,85,5,4439,708,2025-07-14,2025-07-16,Received
1562,84,2,2182,958,2025-01-21,2025-01-27,Received
1563,2,1,4647,145,2024-11-29,2024-12-01,In Transit
1564,71,4,4267,164,2025-05-09,2025-05-13,In Transit
1565,74,2,5517,773,2026-01-05,2026-01-07,Received
1566,37,2,1868,726,2025-08-13,2025-08-17,Received
1567,71,1,2321,471,2024-08-12,2024-08-16,Received
1568,53,4,4440,595,2024-03-13,2024-03-16,Received
1569,53,2,1980,264,2024-04-18,2024-05-01,Received
1570,48,5,5051,87,2024-11-20,2024-11-29,Received
1571,67,1,922,255,2024-11-11,2024-11-17,Received
1572,24,3,5463,831,2024-07-01,2024-07-03,Received
1573,48,3,3865,725,2025-02-07,2025-02-20,Received
1574,45,2,3703,654,2025-12-13,2025-12-15,Received
1575,64,1,2739,70,2024-11-07,2024-11-14,Received
1576,16,2,3030,477,2025-01-29,2025-01-31,Received
1577,28,3,2337,420,2024-12-02,2024-12-09,Delayed
1578,51,2,4131,166,2024-08-06,2024-08-18,In Transit
1579,85,4,5147,122,2025-06-17,2025-06-23,Received
1580,38,4,3229,439,2025-09-06,2025-09-13,Received
1581,68,5,2920,369,2025-03-12,2025-03-19,Received
1582,87,1,621,992,2025-08-01,2025-08-05,In Transit
1583,64,3,5273,816,2024-10-07,2024-10-11,Received
1584,50,4,2323,968,2025-10-23,2025-11-04,Received
1585,88,5,2302,234,2025-11-28,2025-12-06,Received
1586,42,5,2644,114,2025-01-21,2025-01-27,Delayed
1587,63,4,2876,340,2025-04-28,2025-05-03,Received
1588,24,1,3314,496,2025-01-19,2025-01-22,Received
1589,28,3,4203,244,2024-07-22,2024-07-25,Delayed
1590,17,1,544,347,2025-08-28,2025-09-04,Received
1591,83,5,2336,775,2025-03-10,2025-03-19,In Transit
1592,33,4,4846,887,2025-12-29,2026-01-03,Received
1593,29,1,5316,758,2024-06-30,2024-07-05,Received
1594,48,2,5580,670,2025-10-17,2025-10-26,Received
1595,43,4,591,354,2025-11-14,2025-11-19,Received
1596,30,1,194,950,2025-03-12,2025-03-18,Received
1597,9,1,2747,248,2025-11-25,2025-11-29,Delayed
1598,37,5,2314,535,2024-04-18,2024-04-22,Received
1599,60,3,4253,853,2025-03-02,2025-03-10,Received
1600,90,3,1919,119,2025-05-11,2025-05-20,Received
1601,72,4,1836,995,2024-08-27,2024-09-02,In Transit
1602,46,4,4586,413,2024-07-16,2024-07-19,Received
1603,53,2,5609,573,2024-12-01,2024-12-12,Received
1604,53,2,5097,456,2026-02-04,2026-02-10,In Transit
1605,14,3,2183,313,2024-12-09,2024-12-13,Received
1606,57,3,873,803,2025-11-29,2025-12-01,Delayed
1607,44,5,3794,63,2024-03-24,2024-04-01,In Transit
1608,88,4,1536,447,2025-03-09,2025-03-14,In Transit
1609,50,1,609,840,2024-08-02,2024-08-12,Received
1610,22,3,76,881,2024-09-17,2024-09-26,Received
1611,65,2,1990,266,2025-04-15,2025-04-25,Delayed
1612,37,3,5666,194,2025-04-03,2025-04-09,In Transit
1613,19,2,4517,315,2024-11-21,2024-11-24,In Transit
1614,73,2,1251,359,2025-07-27,2025-08-07,Received
1615,38,5,1200,875,2024-03-23,2024-03-31,Received
1616,79,5,3615,980,2026-02-08,2026-02-21,Received
1617,82,3,5065,727,2025-01-04,2025-01-08,Received
1618,2,5,4732,212,2025-03-01,2025-03-08,Received
1619,52,5,3089,628,2024-08-18,2024-08-24,Received
1620,72,5,3810,90,2024-05-29,2024-06-11,In Transit
1621,14,5,260,291,2025-04-05,2025-04-12,Delayed
1622,28,4,2448,616,2026-01-06,2026-01-17,Delayed
1623,46,2,2936,702,2024-11-30,2024-12-13,Received
1624,63,1,1978,882,2024-02-25,2024-03-08,In Transit
1625,18,5,2748,490,2025-07-16,2025-07-27,Received
1626,36,3,3038,98,2024-08-27,2024-09-05,Received
1627,80,5,4219,356,2025-05-03,2025-05-14,Received
1628,63,1,1555,907,2024-09-02,2024-09-07,Received
1629,36,2,5284,614,2025-01-25,2025-01-28,Received
1630,45,5,1982,261,2025-06-24,2025-07-05,Received
1631,60,4,4925,676,2024-11-24,2024-11-29,In Transit
1632,82,2,4914,562,2025-05-19,2025-05-22,Received
1633,3,5,3689,147,2025-05-28,2025-05-30,Received
1634,43,4,3632,225,2025-01-14,2025-01-21,Received
1635,35,2,5669,441,2025-01-09,2025-01-12,Received
1636,85,3,5013,582,2024-05-22,2024-05-26,Received
1637,82,3,2222,722,2026-01-21,2026-01-30,Received
1638,83,2,647,253,2024-09-13,2024-09-26,Received
1639,64,1,998,156,2025-07-16,2025-07-28,In Transit
1640,45,4,2382,881,2025-12-07,2025-12-15,Received
1641,42,1,4267,864,2025-11-19,2025-12-01,Received
1642,37,1,737,661,2024-10-01,2024-10-04,Received
1643,10,1,1490,496,2025-09-26,2025-10-09,Received
1644,42,3,145,628,2026-01-21,2026-01-23,Received
1645,3,2,827,363,2025-07-05,2025-07-15,Received
1646,74,4,1860,966,2024-05-26,2024-06-07,Received
1647,67,4,1541,196,2026-01-08,2026-01-12,Received
1648,91,1,1005,181,2025-06-28,2025-07-04,Received
1649,53,2,168,520,2024-08-16,2024-08-21,Received
1650,47,4,3111,844,2026-01-31,2026-02-13,Received
1651,77,2,1110,390,2024-04-25,2024-05-07,Received
1652,78,5,2878,254,2025-03-13,2025-03-23,Received
1653,5,3,3589,935,2024-04-28,2024-05-02,Received
1654,78,4,597,516,2025-05-15,2025-05-20,Received
1655,76,2,4740,995,2026-02-08,2026-02-21,Received
1656,78,2,3176,430,2024-08-01,2024-08-13,Received
1657,54,4,1133,74,2025-03-11,2025-03-19,Received
1658,42,5,1112,377,2024-12-06,2024-12-14,Received
1659,11,1,410,884,2024-11-05,2024-11-14,In Transit
1660,34,5,1492,706,2025-04-06,2025-04-09,In Transit
1661,38,4,857,775,2024-07-01,2024-07-10,In Transit
1662,29,3,5469,363,2024-02-24,2024-02-26,Received
1663,81,4,2754,401,2024-09-19,2024-09-30,Received
1664,7,2,5687,925,2025-08-26,2025-09-02,Received
1665,47,5,4000,621,2025-06-16,2025-06-26,Received
1666,39,2,3515,208,2025-11-10,2025-11-17,Received
1667,66,5,5286,313,2025-09-12,2025-09-20,Received
1668,54,3,722,297,2025-04-10,2025-04-15,Received
1669,56,2,5352,423,2024-04-20,2024-05-01,Received
1670,16,4,4876,998,2025-03-21,2025-03-31,In Transit
1671,42,1,4880,496,2024-10-12,2024-10-14,Received
1672,46,1,2066,949,2024-08-17,2024-08-29,Received
1673,26,5,2368,625,2025-06-04,2025-06-11,Received
1674,53,5,4807,61,2025-11-11,2025-11-15,Delayed
1675,62,3,2596,789,2025-01-21,2025-01-24,Delayed
1676,13,3,4522,378,2024-03-26,2024-04-04,Received
1677,38,4,635,466,2025-07-22,2025-08-04,Received
1678,63,5,5161,924,2024-07-27,2024-08-06,Received
1679,38,5,2843,511,2025-12-16,2025-12-19,Received
1680,56,4,2202,110,2025-10-21,2025-10-28,In Transit
1681,54,3,2452,425,2025-07-06,2025-07-18,Received
1682,50,5,2073,630,2024-12-02,2024-12-08,Received
1683,32,2,312,259,2025-10-03,2025-10-11,In Transit
1684,77,1,2672,787,2025-11-14,2025-11-23,Received
1685,20,3,5104,575,2025-05-08,2025-05-13,Received
1686,62,5,2484,453,2024-03-04,2024-03-17,Received
1687,14,5,3808,931,2024-09-27,2024-10-02,Received
1688,29,2,133,94,2025-01-25,2025-02-05,Received
1689,84,1,4196,902,2024-09-08,2024-09-13,Received
1690,83,5,4468,230,2024-08-25,2024-08-28,Received
1691,45,4,245,689,2025-03-13,2025-03-15,Received
1692,13,4,2791,409,2025-09-12,2025-09-18,Received
1693,23,4,2538,220,2025-10-25,2025-10-27,Received
1694,31,2,2624,289,2025-12-26,2026-01-03,Received
1695,46,1,4568,146,2025-01-18,2025-01-20,Received
1696,31,3,3480,916,2024-05-28,2024-06-05,In Transit
1697,62,1,843,992,2024-06-03,2024-06-09,Received
1698,40,4,957,553,2025-05-10,2025-05-16,Received
1699,9,5,3451,769,2024-12-23,2024-12-29,Received
1700,8,2,1284,235,2025-11-03,2025-11-06,Received
1701,19,2,5567,530,2024-03-14,2024-03-27,Received
1702,28,2,2188,59,2025-04-29,2025-05-11,Received
1703,75,5,3241,402,2024-03-25,2024-03-27,Received
1704,50,4,1993,246,2024-08-25,2024-09-07,Received
1705,47,4,1719,311,2025-08-29,2025-09-08,In Transit
1706,58,4,2608,887,2025-02-06,2025-02-16,Received
1707,23,3,442,224,2024-10-18,2024-10-22,In Transit
1708,82,5,4642,66,2024-12-08,2024-12-10,In Transit
1709,73,5,5116,955,2024-08-18,2024-08-25,Received
1710,75,2,4077,711,2025-01-04,2025-01-06,In Transit
1711,31,5,5085,746,2024-12-27,2025-01-07,Received
1712,16,4,4860,165,2024-09-25,2024-10-07,Received
1713,40,4,5293,922,2025-01-25,2025-02-05,Received
1714,34,5,1656,109,2025-05-18,2025-05-29,Received
1715,75,4,2044,91,2025-03-04,2025-03-14,Received
1716,91,4,5770,562,2024-11-10,2024-11-17,Received
1717,49,1,2962,926,2024-07-08,2024-07-20,Received
1718,77,5,4424,762,2025-10-30,2025-11-04,Received
1719,43,1,4815,372,2025-06-01,2025-06-10,Received
1720,80,4,1968,834,2024-11-20,2024-11-30,Received
1721,81,3,3143,340,2024-04-22,2024-05-05,Received
1722,46,2,5126,109,2025-06-16,2025-06-21,Received
1723,42,1,3779,359,2025-10-30,2025-11-09,Received
1724,40,1,413,522,2025-08-20,2025-08-24,Received
1725,68,1,4885,232,2024-06-23,2024-07-06,Received
1726,25,3,5628,819,2025-03-06,2025-03-15,Received
1727,75,4,1507,680,2025-03-12,2025-03-17,Received
1728,62,5,90,988,2024-07-03,2024-07-16,Received
1729,2,5,1947,761,2024-05-15,2024-05-23,Received
1730,61,5,4198,679,2025-05-05,2025-05-09,Received
1731,70,3,5367,421,2025-04-21,2025-05-01,In Transit
1732,4,5,176,454,2025-04-20,2025-04-24,Received
1733,86,1,5101,229,2024-07-16,2024-07-25,Received
1734,90,5,2598,289,2025-02-24,2025-03-02,Received
1735,5,4,5033,435,2024-09-19,2024-09-22,Received
1736,82,5,4686,967,2025-01-15,2025-01-20,Received
1737,91,1,3695,985,2025-12-05,2025-12-17,Received
1738,18,4,751,336,2025-05-10,2025-05-16,Received
1739,69,5,2454,984,2024-06-14,2024-06-26,In Transit
1740,38,4,3365,344,2026-01-31,2026-02-07,Received
1741,27,5,4564,843,2024-06-21,2024-07-03,Received
1742,90,1,4626,104,2024-03-06,2024-03-16,In Transit
1743,3,2,1940,700,2025-12-22,2026-01-02,Received
1744,43,1,2035,467,2026-01-29,2026-02-04,Received
1745,85,1,4904,674,2024-08-17,2024-08-29,Received
1746,64,5,280,276,2025-10-06,2025-10-10,Received
1747,35,1,572,448,2024-06-11,2024-06-21,Received
1748,76,2,1454,254,2024-07-28,2024-08-01,Received
1749,16,5,701,850,2024-09-12,2024-09-24,Received
1750,37,4,5634,603,2025-04-08,2025-04-17,Delayed
1751,89,3,600,420,2025-11-22,2025-12-04,Received
1752,21,2,232,469,2025-06-22,2025-06-26,In Transit
1753,6,1,5677,186,2024-03-11,2024-03-22,In Transit
1754,11,2,4484,293,2025-01-23,2025-01-27,Received
1755,49,5,285,851,2026-01-31,2026-02-05,In Transit
1756,49,3,2357,933,2025-06-15,2025-06-20,Received
1757,61,2,5380,554,2025-07-10,2025-07-23,Received
1758,7,5,761,492,2024-03-26,2024-03-30,Received
1759,30,3,4959,877,2024-11-05,2024-11-09,Delayed
1760,1,4,223,69,2024-12-23,2025-01-01,Received
1761,57,4,1615,928,2025-06-01,2025-06-11,Received
1762,14,4,1733,346,2024-04-22,2024-05-01,Received
1763,1,5,5773,90,2025-08-20,2025-09-01,In Transit
1764,86,2,249,879,2025-02-16,2025-03-01,Received
1765,73,3,542,936,2025-03-02,2025-03-08,Received
1766,16,3,2598,639,2025-09-22,2025-09-24,Received
1767,14,5,2,78,2024-10-28,2024-10-30,Received
1768,63,1,2331,417,2024-10-03,2024-10-16,Received
1769,88,1,90,91,2025-06-05,2025-06-17,In Transit
1770,49,1,4915,606,2025-07-08,2025-07-18,Received
1771,26,4,5753,398,2024-05-27,2024-06-03,Received
1772,40,4,3303,254,2025-06-01,2025-06-04,Received
1773,59,3,1136,113,2025-09-23,2025-09-25,In Transit
1774,91,3,883,78,2024-09-02,2024-09-05,Received
1775,12,4,3794,670,2024-12-30,2025-01-06,Received
1776,91,5,1804,902,2025-01-31,2025-02-06,Received
1777,51,4,1259,273,2024-09-15,2024-09-27,Received
1778,60,3,1227,681,2025-09-04,2025-09-10,Received
1779,55,4,1857,592,2025-02-04,2025-02-15,Received
1780,88,5,3476,638,2025-02-08,2025-02-12,Received
1781,36,2,5317,929,2025-04-12,2025-04-23,Received
1782,86,5,1071,252,2025-12-03,2025-12-14,Received
1783,59,1,124,231,2025-01-19,2025-01-26,Received
1784,23,1,5394,851,2025-02-02,2025-02-12,Received
1785,75,4,1931,177,2024-08-19,2024-08-27,Received
1786,34,5,2445,135,2024-04-11,2024-04-16,Received
1787,69,3,2899,678,2025-07-05,2025-07-14,Received
1788,6,5,841,929,2024-04-28,2024-05-07,Received
1789,85,2,3985,563,2025-05-30,2025-06-06,Received
1790,86,5,1762,309,2024-03-07,2024-03-13,Received
1791,28,5,4503,479,2024-12-21,2025-01-02,Received
1792,54,5,5462,813,2024-07-11,2024-07-18,Received
1793,10,1,4772,437,2025-09-26,2025-09-28,In Transit
1794,85,5,3621,54,2025-09-13,2025-09-25,Received
1795,79,3,5732,499,2024-03-15,2024-03-19,In Transit
1796,21,3,4784,270,2024-11-02,2024-11-09,In Transit
1797,48,2,5194,125,2025-05-28,2025-06-08,Received
1798,69,2,3150,807,2025-05-08,2025-05-14,Received
1799,16,2,4463,80,2025-12-23,2025-12-30,Received
1800,38,3,3181,954,2024-10-04,2024-10-09,Received
1801,49,4,148,417,2025-07-06,2025-07-16,Received
1802,56,2,4336,377,2024-12-10,2024-12-18,Received
1803,30,2,1038,784,2025-11-27,2025-12-02,Received
1804,71,5,5496,894,2025-12-07,2025-12-20,Received
1805,5,3,5202,696,2024-06-13,2024-06-15,Received
1806,65,2,2833,162,2025-07-20,2025-07-31,Received
1807,74,1,2042,879,2024-08-29,2024-09-07,Received
1808,68,3,3632,164,2025-10-03,2025-10-05,Received
1809,69,2,1667,339,2025-12-17,2025-12-25,Received
1810,81,2,5770,333,2025-04-20,2025-04-25,Received
1811,43,1,4038,887,2026-01-06,2026-01-11,Received
1812,11,5,3844,967,2025-12-30,2026-01-05,Received
1813,14,3,1974,753,2024-07-17,2024-07-20,Received
1814,42,1,2581,746,2024-06-10,2024-06-22,Received
1815,30,1,5352,587,2025-08-07,2025-08-12,Received
1816,11,3,997,165,2024-12-11,2024-12-21,Received
1817,71,2,5048,631,2025-05-02,2025-05-12,Received
1818,60,4,2737,603,2024-02-29,2024-03-02,Received
1819,35,3,2474,564,2024-02-15,2024-02-18,Received
1820,48,5,3475,958,2025-10-20,2025-10-28,Received
1821,51,5,1536,836,2025-12-27,2026-01-07,In Transit
1822,43,4,3467,385,2024-02-26,2024-03-03,Received
1823,35,3,5711,837,2025-12-14,2025-12-19,Received
1824,64,1,5471,992,2024-09-16,2024-09-21,In Transit
1825,3,4,3998,947,2025-04-10,2025-04-21,In Transit
1826,36,4,4102,143,2024-11-16,2024-11-25,Received
1827,30,1,1627,916,2025-09-17,2025-09-22,Received
1828,8,2,1055,505,2024-12-25,2025-01-07,Received
1829,24,2,2625,811,2025-06-28,2025-07-10,Received
1830,33,2,1866,78,2025-08-26,2025-09-02,Received
1831,82,3,2097,675,2026-01-11,2026-01-13,Received
1832,83,2,1149,707,2025-12-27,2025-12-30,Received
1833,88,5,333,945,2024-08-13,2024-08-22,Received
1834,63,4,2476,260,2024-04-17,2024-04-24,Received
1835,68,5,3202,967,2024-12-17,2024-12-25,Received
1836,88,4,1920,837,2024-09-13,2024-09-26,Received
1837,34,5,5110,663,2026-01-03,2026-01-05,Received
1838,12,5,5637,365,2026-02-14,2026-02-23,Received
1839,64,2,5689,968,2024-07-17,2024-07-27,Delayed
1840,46,1,4255,361,2024-12-23,2025-01-02,Received
1841,77,5,2750,427,2025-05-03,2025-05-05,Received
1842,12,1,4727,399,2024-03-07,2024-03-11,Delayed
1843,21,2,643,596,2025-02-20,2025-02-23,Received
1844,71,5,5716,202,2025-09-14,2025-09-20,Received
1845,65,5,3763,247,2025-08-18,2025-08-23,Received
1846,22,2,4522,327,2025-08-11,2025-08-15,In Transit
1847,70,5,109,702,2025-05-26,2025-05-31,Received
1848,81,4,683,805,2025-07-29,2025-08-04,In Transit
1849,59,4,3620,260,2025-03-01,2025-03-13,Received
1850,72,4,1344,403,2024-07-15,2024-07-28,Received
1851,31,1,5411,586,2024-09-19,2024-09-27,In Transit
1852,87,1,1835,357,2024-04-17,2024-04-26,Received
1853,27,3,2179,612,2024-05-11,2024-05-21,Received
1854,34,1,3948,129,2025-05-10,2025-05-21,Received
1855,6,4,4700,520,2025-03-25,2025-04-03,Received
1856,17,1,3435,724,2024-06-10,2024-06-17,Received
1857,75,1,3023,276,2024-05-04,2024-05-11,Received
1858,43,2,1491,893,2025-01-10,2025-01-12,Received
1859,20,1,4495,302,2025-09-03,2025-09-08,In Transit
1860,36,5,4149,80,2024-11-01,2024-11-07,Received
1861,52,2,1914,902,2024-11-03,2024-11-09,Delayed
1862,29,3,186,97,2025-10-27,2025-11-01,Received
1863,28,1,4810,936,2025-01-23,2025-01-28,Received
1864,4,3,2032,681,2024-06-14,2024-06-27,Received
1865,30,2,290,516,2024-10-22,2024-11-04,In Transit
1866,23,2,3222,658,2025-01-30,2025-02-04,Received
1867,81,1,1025,814,2024-09-15,2024-09-22,Received
1868,47,2,5058,335,2025-01-02,2025-01-09,In Transit
1869,36,4,3512,759,2026-01-29,2026-02-01,Received
1870,53,5,1608,254,2025-09-27,2025-10-10,Received
1871,64,5,1719,516,2024-06-11,2024-06-24,Delayed
1872,6,4,2232,293,2024-03-16,2024-03-24,Received
1873,45,1,2300,998,2025-08-09,2025-08-13,Received
1874,82,4,5638,200,2025-02-27,2025-03-01,Received
1875,19,3,1467,482,2024-03-15,2024-03-17,Received
1876,49,3,2814,706,2025-05-23,2025-05-28,Received
1877,71,5,1555,506,2024-11-15,2024-11-26,Received
1878,46,4,561,213,2024-10-23,2024-10-30,Received
1879,60,4,5029,241,2024-12-26,2025-01-02,In Transit
1880,9,1,5565,575,2024-06-22,2024-06-25,In Transit
1881,27,3,899,951,2024-09-11,2024-09-20,In Transit
1882,74,1,4988,471,2024-03-15,2024-03-20,Received
1883,86,4,5728,452,2025-07-06,2025-07-16,Received
1884,9,1,796,811,2024-10-17,2024-10-29,Received
1885,45,3,1792,202,2024-02-15,2024-02-20,In Transit
1886,16,4,3074,823,2026-01-12,2026-01-18,Received
1887,77,3,1758,784,2024-02-18,2024-02-25,In Transit
1888,27,2,4791,522,2024-11-14,2024-11-26,Received
1889,6,5,5217,454,2025-07-01,2025-07-12,In Transit
1890,19,1,4232,112,2025-04-14,2025-04-21,Received
1891,41,4,1047,542,2024-07-20,2024-07-27,Received
1892,11,2,4144,963,2025-02-01,2025-02-13,Received
1893,87,4,2665,359,2025-09-02,2025-09-05,Received
1894,5,3,1266,206,2024-09-21,2024-10-02,Received
1895,53,5,3777,921,2025-07-24,2025-08-05,Received
1896,31,5,931,683,2024-04-05,2024-04-16,Received
1897,5,5,3683,464,2025-12-14,2025-12-23,Received
1898,14,1,3863,736,2025-01-13,2025-01-24,Delayed
1899,65,5,2404,699,2025-04-17,2025-04-24,Received
1900,32,2,3428,323,2024-11-15,2024-11-27,Received
1901,43,5,222,213,2024-05-26,2024-06-05,Received
1902,55,5,5349,758,2024-06-11,2024-06-20,Delayed
1903,24,2,4589,942,2025-05-30,2025-06-05,Received
1904,61,5,3973,978,2025-02-26,2025-03-02,Received
1905,1,4,1379,498,2025-02-16,2025-02-20,In Transit
1906,68,3,5140,577,2025-06-23,2025-06-30,Received
1907,84,3,1446,305,2025-11-11,2025-11-24,Received
1908,88,4,3996,948,2024-06-04,2024-06-16,Received
1909,37,2,5337,475,2024-09-07,2024-09-11,Received
1910,2,3,5773,69,2024-03-02,2024-03-10,Received
1911,45,4,2096,649,2024-05-30,2024-06-07,Received
1912,14,3,2700,59,2025-12-07,2025-12-13,Received
1913,28,5,1538,205,2024-05-06,2024-05-14,Received
1914,6,4,5012,274,2024-06-24,2024-07-05,Received
1915,74,3,4765,873,2024-08-23,2024-08-29,In Transit
1916,7,1,1894,228,2025-01-15,2025-01-28,Received
1917,81,5,4173,881,2025-07-13,2025-07-19,In Transit
1918,3,2,4553,354,2025-05-07,2025-05-15,In Transit
1919,65,2,924,124,2026-02-03,2026-02-06,In Transit
1920,48,5,929,663,2026-01-10,2026-01-18,Received
1921,69,2,1207,759,2024-12-11,2024-12-15,Received
1922,42,2,3564,638,2026-01-29,2026-02-05,Received
1923,33,4,1671,372,2024-02-17,2024-02-20,Received
1924,26,1,4423,900,2024-03-27,2024-04-07,Received
1925,61,4,2153,873,2025-07-05,2025-07-17,Received
1926,47,3,5557,688,2025-07-26,2025-07-30,In Transit
1927,32,5,5396,906,2026-02-14,2026-02-21,Received
1928,59,4,5289,649,2024-05-03,2024-05-15,Received
1929,9,2,576,813,2024-09-12,2024-09-17,Received
1930,28,3,543,528,2024-04-08,2024-04-17,Received
1931,24,5,3468,912,2025-06-13,2025-06-25,Received
1932,47,3,2560,210,2025-07-10,2025-07-13,Received
1933,40,4,2323,785,2025-04-16,2025-04-23,In Transit
1934,63,2,3713,939,2026-02-02,2026-02-09,Received
1935,30,4,1132,752,2025-02-10,2025-02-15,Received
1936,69,2,4374,258,2025-09-17,2025-09-19,Received
1937,31,4,4493,452,2025-11-04,2025-11-14,Received
1938,40,2,709,788,2024-10-21,2024-10-24,Received
1939,40,2,1762,850,2025-12-07,2025-12-12,Received
1940,34,2,2751,207,2026-02-11,2026-02-20,Received
1941,3,4,4403,747,2024-08-21,2024-09-02,Received
1942,19,4,3069,435,2026-01-28,2026-02-05,Received
1943,13,3,2032,140,2025-10-21,2025-11-03,In Transit
1944,55,4,4938,339,2025-11-02,2025-11-15,In Transit
1945,88,2,2514,643,2026-01-13,2026-01-25,Received
1946,35,2,3621,644,2024-08-12,2024-08-23,Received
1947,50,3,5353,58,2024-11-09,2024-11-22,In Transit
1948,36,5,2368,941,2024-10-11,2024-10-22,Received
1949,71,3,2327,518,2025-11-24,2025-12-05,Received
1950,81,5,4129,495,2024-04-15,2024-04-27,Received
1951,58,1,2740,482,2024-09-06,2024-09-10,In Transit
1952,21,4,1277,964,2024-05-22,2024-06-04,Received
1953,51,1,4102,901,2024-10-15,2024-10-19,Received
1954,55,3,4156,869,2024-04-01,2024-04-08,In Transit
1955,63,4,110,361,2025-07-21,2025-07-31,Received
1956,83,3,1752,238,2024-10-04,2024-10-11,Received
1957,13,2,4819,912,2025-04-19,2025-04-30,In Transit
1958,50,5,825,363,2026-02-12,2026-02-20,In Transit
1959,36,4,975,966,2025-03-03,2025-03-11,Received
1960,34,4,1057,527,2026-01-15,2026-01-17,Received
1961,76,5,3923,569,2025-11-11,2025-11-18,Received
1962,65,5,4219,304,2024-06-23,2024-06-26,In Transit
1963,76,4,4061,411,2025-01-23,2025-02-02,Delayed
1964,26,1,4283,967,2025-08-15,2025-08-24,Received
1965,45,4,449,333,2025-06-24,2025-07-06,Received
1966,25,1,2657,535,2024-08-16,2024-08-29,Received
1967,9,1,5318,803,2025-10-27,2025-11-08,In Transit
1968,19,1,2662,924,2025-08-18,2025-08-26,Received
1969,14,3,4382,697,2025-03-23,2025-04-04,Received
1970,90,5,3616,644,2024-10-01,2024-10-05,Delayed
1971,63,3,986,913,2024-06-30,2024-07-10,Delayed
1972,30,2,2802,446,2025-02-03,2025-02-10,Received
1973,56,4,2123,169,2025-09-27,2025-10-07,Delayed
1974,36,3,4127,490,2025-03-02,2025-03-04,Received
1975,30,2,1571,543,2024-08-29,2024-09-01,Received
1976,28,4,1230,231,2025-03-09,2025-03-19,Received
1977,35,4,844,284,2026-01-16,2026-01-20,Received
1978,16,4,1272,772,2024-04-01,2024-04-11,Received
1979,72,2,2921,839,2024-05-25,2024-06-02,In Transit
1980,31,1,2008,322,2025-03-17,2025-03-22,Received
1981,88,3,587,930,2026-01-22,2026-02-02,Received
1982,58,3,5059,808,2024-05-18,2024-05-25,Received
1983,69,2,3383,960,2025-06-22,2025-07-05,Received
1984,40,2,5681,187,2024-06-24,2024-07-02,Received
1985,80,1,4615,693,2025-11-21,2025-11-23,Received
1986,6,3,5619,695,2024-05-01,2024-05-13,In Transit
1987,16,2,5158,987,2024-12-17,2024-12-20,Received
1988,82,1,5247,143,2025-07-13,2025-07-25,Received
1989,91,4,1038,579,2025-01-06,2025-01-13,Received
1990,76,1,2501,993,2024-04-09,2024-04-20,Received
1991,71,1,1338,242,2024-10-28,2024-11-04,Received
1992,36,5,1605,254,2026-02-05,2026-02-14,Delayed
1993,87,1,4249,915,2025-02-26,2025-03-01,In Transit
1994,49,4,4403,783,2025-04-04,2025-04-17,Received
1995,78,5,841,701,2025-08-03,2025-08-15,Received
1996,18,1,5222,718,2024-12-09,2024-12-19,Received
1997,63,2,2630,936,2025-08-24,2025-08-31,Received
1998,57,4,4043,625,2025-02-21,2025-03-01,Received
1999,1,5,1900,263,2025-12-14,2025-12-20,Received
2000,91,5,2280,626,2024-12-05,2024-12-12,Received
